;windimatze;2020;Deutschland;Ulm;nein;ja;nein;ja;nein;;5
;jonathanwunden;2020;Deutschland;Ulm;nein;ja;nein;ja;nein;;4
;kaymcv;2019;Deutschland;Ulm;nein;ja;nein;ja;nein;;1
;amb3r_ward3n;2016;Deutschland;Ulm;nein;ja;nein;ja;nein;;16
;beethyl;2017;Deutschland;Ulm;nein;ja;nein;ja;nein;;7
;jonas_drei14;2021;Deutschland;Launingen;ja;nein;nein;ja;nein;;0
;labuhnski;2017;Deutschland;Ulm;nein;ja;nein;ja;nein;;15
;__esther__may;2018;Deutschland;Ulm;ja;nein;nein;ja;nein;;29
;leyannik;2021;Deutschland;Ulm;nein;nein;ja;nein;nein;;18
;lisakarajica;2014;Deutschland;Ulm;nein;nein;nein;ja;ja;;84
;skimonbikehard;2021;Deutschland;Ulm;ja;nein;nein;nein;nein;;13
;anja_nemanja_stefan_;2016;Deutschland;Ulm;nein;nein;nein;nein;ja;;11
;kaca_djurovic_vojinovic;2016;Serbien;Cacak;nein;nein;nein;nein;ja;nein;12
;sarah_zmhl;2019;Deutschland;Ulm;ja;nein;nein;ja;nein;nein;29
;raclaw92;2020;Deutschland;Ulm;nein;nein;nein;ja;nein;nein;6
;nikolijamomcilovic;2016;Deutschland;Ulm;nein;nein;ja;nein;nein;nein;22
;triathlon_ssvulm1846;2019;Deutschland;Ulm;ja;nein;nein;nein;nein;nein;38
;moritz.frmdlng;2020;Deutschland;Ulm;nein;nein;ja;nein;nein;nein;13
;julia_franziska__;2019;Deutschland;Memmingen;ja;nein;nein;ja;nein;nein;23
;flokub83_tri_ulm;2019;Deutschland;Ulm;ja;nein;nein;ja;nein;nein;4
;p_rapp;2021;Deutschland;Ulm;nein;nein;ja;nein;nein;nein;12
;johannes_ret;2018;Deutschland;Ulm;nein;nein;nein;ja;nein;nein;12
;manuontheroad13;2021;Spanien;Madrid;ja;nein;nein;nein;nein;nein;0
;_julia_chloe_;2014;Deutschland;Ulm;nein;nein;ja;nein;nein;nein;26
;martincito91;2021;Deutschland;Biberach;nein;nein;nein;nein;nein;ja;1
; sabrinasofie_s;2019;Deutschland;Stuttgart;ja;nein;nein;ja;nein;nein;23
; ankalina;2020;Deutschland;Ulm;nein;nein;ja;nein;nein;nein;10
;nisaari__;2014;Deutschland;Ulm;nein;nein;ja;nein;nein;nein;20
;juli_erich;2019;Deutschland;Ulm;ja;nein;nein;nein;nein;nein;30
; iniibini;2017;Deutschland;Ulm;ja;nein;nein;nein;nein;nein;30
; ___jasmina.v___;2016;Serbien;Cacak;nein;nein;nein;nein;ja;nein;32
; coo_co_;2016;Deutschland;Ulm;nein;nein;nein;nein;ja;nein;19
; benevoe;2014;Deutschland;Ulm;nein;nein;ja;nein;nein;nein;4
; _reahae_;;Deutschland;Ulm;nein;;;;;;
; velvetsundarii;;Deutschland;Ulm;nein;;;;;;
; stefankarajica;;Deutschland;Ulm;nein;;;;;;
;juja.91;;Deutschland;;nein;;;;;;
;itsaight1220;;Deutschland;Ulm;ja;;;;;;
; holaadiewaldfeee;;Deutschland;Ulm;nein;;;;;;
; stefan.rehmann;;Deutschland;Ulm;nein;;;;;;
;maurizio.moscatello;;Deutschland;Ulm;nein;;;;;;
; sole.dom;;Deutschland;Ulm;nein;;;;;;
; snejretmekovic;;;;;;;;;;
; victoriaapask;;;;;;;;;;
; kathi_beck_;;Deutschland;Ulm;nein;;;;;;
; mixhiw;;Deutschland;Ulm;nein;;;;;;
;erinnamichdran;;Deutschland;Ulm;nein;;;;;;
; aileen.zr;;Deutschland;Ulm;nein;;;;;;
; sonja.sfrdsbrgr;;Deutschland;Ulm;nein;;;;;;
; unterumstaendenuwe;;Deutschland;Ulm;nein;;;;;;
; viplavsetia;;Deutschland;Ulm;nein;;;;;;
; pootatina;;Deutschland;Ulm;nein;;;;;;
; julaeaeae_;;Deutschland;Ulm;nein;;;;;;
; jonathan_rank;;Deutschland;Ulm;nein;;;;;;
; linnpaulin;;Deutschland;Ulm;nein;;;;;;
; rebecca_maresa;;Deutschland;Ulm;nein;;;;;;
; carolinsauter;;Deutschland;Ulm;nein;;;;;;
; stefanie_mariee;;Deutschland;Ulm;nein;;;;;;
; bella_lorena__;;Deutschland;Ulm;nein;;;;;;
;liisa_ma;;Deutschland;Ulm;nein;;;;;;
; monamorgen;;Deutschland;Ulm;ja;;;;;;
; liiisakatrin;;Deutschland;Ulm;nein;;;;;;
; simon__wa;;Deutschland;Ulm;nein;;;;;;
; christinakathariina;;Deutschland;Ulm;nein;;;;;;
; _danka__d;;Serbien;Cacak;nein;;;;;;
; michelle.lplt;;Deutschland;Ulm;nein;;;;;;
; sbstnb;;Deutschland;Ulm;nein;;;;;;
; ajsche_petrovic;;Deutschland;Ulm;nein;;;;;;
; sommmerkind_;;Deutschland;Ulm;nein;;;;;;
; annika.dollner.fotografie;;Deutschland;Ulm;ja;;;;;;
; tommarinovich;;;;nein;;;;;;
; fantmo;;;;nein;;;;;;
; g.deliancourt;;Deutschland;Ulm;nein;;;;;;
; vera_kartheininger;;Deutschland;Ulm;nein;;;;;;
;ixi.91;;Deutschland;Ulm;nein;;;;;;
; matze.kohn;;Deutschland;Ulm;nein;;;;;;
; linagottesbueren;;Deutschland;Ulm;nein;;;;;;
; matthias_karg;;Deutschland;Ulm;nein;;;;;;
; manfredseybold;;Deutschland;Ulm;ja;;;;;;
; mad.rug.ada;;Deutschland;;nein;;;;;;
; jennifers____;;Deutschland;Ulm;nein;;;;;;
; ilijanablzvc;;Deutschland;Ulm;nein;;;;;;
; _marisa_mueller;;Deutschland;Ulm;nein;;;;;;
;stiwo3;;Deutschland;Ulm;nein;;;;;;
; linus_vl;;Deutschland;Ulm;nein;;;;;;
;natalia.iraci;;Deutschland;Ulm;nein;;;;;;
;aenni.xoxo;;Deutschland;Ulm;nein;;;;;;
; chrisstinaiaw;;Deutschland;Ulm;nein;;;;;;
;benny96i;;Deutschland;Ulm;nein;;;;;;
; djukaanovic;;Deutschland;Ulm;nein;;;;;;
; kira.van.herle;;Deutschland;Ulm;nein;;;;;;
;flowrich80;;Deutschland;Ulm;ja;;;;;;
; danielaanderer;;Deutschland;Ulm;nein;;;;;;
; markymark.jpg;;Deutschland;Ulm;nein;;;;;;
;alwayz.hungry;;Deutschland;Ulm;nein;;;;;;
; little_kathinkabell;;Deutschland;Ulm;ja;;;;;;
; fabhaec;;Deutschland;Ulm;nein;;;;;;
; hellraidaa;;Deutschland;Ulm;ja;;;;;;
; _mrsfischer;;Deutschland;Ulm;nein;;;;;;
; deniseniggemeier;;Deutschland;Ulm;nein;;;;;;
; shewistar;;Deutschland;Ulm;nein;;;;;;
; juliamvielleicht;;Deutschland;Ulm;nein;;;;;;
; klemjoisback;;Deutschland;Ulm;nein;;;;;;
; ninaanschuetz;;Deutschland;Ulm;nein;;;;;;
;cellem2409;;Deutschland;Ulm;nein;;;;;;
; fipsi_m;;Deutschland;Ulm;nein;;;;;;
; alexandro.casulloAlexandroAbonniert;;;;;;;;;;
; wuui_buh;;;;;;;;;;
;;;;;;;;;;;
;vanessadase116Abonniert;;;;;;;;;;
; mikeytruoMichaelAbonniert;;;;;;;;;;
; leenii.iAnna-LenaAbonniert;;;;;;;;;;
;d.anni.kDaniel KroppAbonniert;;;;;;;;;;
; laura_rschLauraAbonniert;;;;;;;;;;
; epsilonikusMarioAbonniert;;;;;;;;;;
; thaliapfAbonniert;;;;;;;;;;
;j_u_l_i_a_95Abonniert;;;;;;;;;;
; montana_tobiFenskeAbonniert;;;;;;;;;;
; franziischillerFranziska SchillerAbonniert;;;;;;;;;;
; dario_blzDadoAbonniert;;;;;;;;;;
;netti_13AnetteAbonniert;;;;;;;;;;
; alexmarroi?￰ﾟﾏﾊ?￢ﾀﾍ♀️?￰ﾟﾏﾼ‍♀️?￰ﾟﾏﾼ‍♀️?￰ﾟﾏﾼ‍♀️?￰ﾟﾏﾞ️?Abonniert;;;;;;;;;;
; ____mchelMichiAbonniert;;;;;;;;;;
; jonas.pklJonasAbonniert;;;;;;;;;;
; ninaa_kristinN I N AAbonniert;;;;;;;;;;
; lamorenaitaliana_Laura-Denice González ?￰ﾟﾤﾍAbonniert;;;;;;;;;;
; valentinbuhlValentin BuhlAbonniert;;;;;;;;;;
;inni____Abonniert;;;;;;;;;;
; verena_rmVerenaAbonniert;;;;;;;;;;
;22_simonh22_SimonAbonniert;;;;;;;;;;
; sarah.glessingAbonniert;;;;;;;;;;
; smimmissMiri KochAbonniert;;;;;;;;;;
;unhandled_xceptionNick WittlerAbonniert;;;;;;;;;;
; damljanristicAbonniert;;;;;;;;;;
; thelifeofdoniDennis JAbonniert;;;;;;;;;;
; savic_acoAco SavicAbonniert;;;;;;;;;;
; _sara_pintoSara PintoAbonniert;;;;;;;;;;
;laura_qu_1996Laura QuickmannAbonniert;;;;;;;;;;
; tanjamueTanjaAbonniert;;;;;;;;;;
; pat_spnAbonniert;;;;;;;;;;
; ystrdyMarenAbonniert;;;;;;;;;;
;sweeetle90LeaAbonniert;;;;;;;;;;
; flo_buzz_l_eclair_Florian BesançonAbonniert;;;;;;;;;;
; philipp.mack.triPhilipp MackAbonniert;;;;;;;;;;
; agron.hxAgronAbonniert;;;;;;;;;;
; alp_kocabasalp kocabasAbonniert;;;;;;;;;;
;_janine.hmJanineAbonniert;;;;;;;;;;
; _learuss_• Lea Sofie Ruß •Abonniert;;;;;;;;;;
; ginaivonne_!GINA?Abonniert;;;;;;;;;;
;im.nattyNatty สุภาสิณี | TH/DE | 1996Abonniert;;;;;;;;;;
; na_geofNaïs GeoffrayAbonniert;;;;;;;;;;
; laniavdyliL. A.?Abonniert;;;;;;;;;;
; aalex_geeAlexAbonniert;;;;;;;;;;
; chris_hi_triChristoph HinzAbonniert;;;;;;;;;;
; nathibc_NathalieAbonniert;;;;;;;;;;
;raphi0210raphi0210Abonniert;;;;;;;;;;
; httpchrisvossChris VoßAbonniert;;;;;;;;;;
; _elena.weber_Elena WeberAbonniert;;;;;;;;;;
;lof__90LouisAbonniert;;;;;;;;;;
; mirithiesMiriamAbonniert;;;;;;;;;;
;bj02ernbjörnAbonniert;;;;;;;;;;
; julebachtelerJule BachtelerAbonniert;;;;;;;;;;
;lynn.996Linda M.Abonniert;;;;;;;;;;
;steelrock11Eray CelikkayaAbonniert;;;;;;;;;;
; mike_fe_Mike FeAbonniert;;;;;;;;;;
;lavieleniiｌｅｏｎｉｅAbonniert;;;;;;;;;;
; muha_zzMuha DkAbonniert;;;;;;;;;;
;rubenbeneke#️⃣20 ⚽️?// ?rubiibubiiiAbonniert;;;;;;;;;;
; benediktpfistererBenedikt PfistererAbonniert;;;;;;;;;;
; de.nice.m?￰ﾝﾙﾴ?￰ﾝﾙﾸ?￰ﾝﾙﾴAbonniert;;;;;;;;;;
;radem98Rade MaricAbonniert;;;;;;;;;;
; _s.t.e.p.h.iStephanieAbonniert;;;;;;;;;;
; christianrettichChristian RettichAbonniert;;;;;;;;;;
; fieberthasiFabian ThieserAbonniert;;;;;;;;;;
; uli__buUli BuAbonniert;;;;;;;;;;
; astojisicAleksandar StojisicAbonniert;;;;;;;;;;
; _therealivyIvyAbonniert;;;;;;;;;;
;timovanaaAbonniert;;;;;;;;;;
; grueneulmGrüne UlmAbonniert;;;;;;;;;;
; gundakaliAbonniert;;;;;;;;;;
; clarissa_veraClarissaAbonniert;;;;;;;;;;
; phlllppeeePhilippeAbonniert;;;;;;;;;;
;desii_liciousＤｅｓｉｒéｅAbonniert;;;;;;;;;;
; _annaam_Anna MariaAbonniert;;;;;;;;;;
; sabseschmidSabrinaAbonniert;;;;;;;;;;
;sinchenfsinchenfAbonniert;;;;;;;;;;
;simon_237simonbuchmannAbonniert;;;;;;;;;;
; sebi_kuSebastian KuhnAbonniert;;;;;;;;;;
;noramphetaminNora ?Abonniert;;;;;;;;;;
; emiilia.sEmiliaAbonniert;;;;;;;;;;
;1075.jlJennyAbonniert;;;;;;;;;;
;_maxx_2MaxAbonniert;;;;;;;;;;
; larahau_LaraAbonniert;;;;;;;;;;
; kimbouu?￰ﾝﾒﾾ? ?Abonniert;;;;;;;;;;
; chris_schirmer_triChristian S.Abonniert;;;;;;;;;;
; darinasmith._ДаринаAbonniert;;;;;;;;;;
; leahbenki_Leah ?Abonniert;;;;;;;;;;
; vydettaVicky DeAbonniert;;;;;;;;;;
; swapastackAbonniert;;;;;;;;;;
; __leatri__LeaAbonniert;;;;;;;;;;
;luki1192LukasAbonniert;;;;;;;;;;
;madeleine.hammesMadeleineAbonniert;;;;;;;;;;
; s.nadines. nadineAbonniert;;;;;;;;;;
;fml1996fml1996Abonniert;;;;;;;;;;
; katharina_ju_KatharinaAbonniert;;;;;;;;;;
; rennralleRalf TraubAbonniert;;;;;;;;;;
; maragckMara GorickicAbonniert;;;;;;;;;;
; adshrcAdis HrcAbonniert;;;;;;;;;;
; _milla.miКамилла ? ?Abonniert;;;;;;;;;;
; irena.marinovichIrena MarinovicAbonniert;;;;;;;;;;
; lukatasovacLuka TasovacAbonniert;;;;;;;;;;
;queen_nici_Abonniert;;;;;;;;;;
; joshua.cyclingJoshua HamppAbonniert;;;;;;;;;;
; a_n_d_i.reAndiReinholdAbonniert;;;;;;;;;;
; maaaddie.mMadeleineAbonniert;;;;;;;;;;
; tg.bc.triathlonTG Biberach TriathlonAbonniert;;;;;;;;;;
;who_the_fuck_is_hias25/ Student/ Tübingen <-> UlmAbonniert;;;;;;;;;;
; shshsleahshshsleaAbonniert;;;;;;;;;;
; slskwkiSalome?Abonniert;;;;;;;;;;
; dzenou_DženitaAbonniert;;;;;;;;;;
;witte.sophieSophie WitteAbonniert;;;;;;;;;;
;_manu198ManuelAbonniert;;;;;;;;;;
; iamxmanu_》?￰ﾝﾗﾮ?￰ﾝﾘﾂ《Abonniert;;;;;;;;;;
; z_____elineAbonniert;;;;;;;;;;
; emsa_manthaAbonniert;;;;;;;;;;
; bysteffiSteffiAbonniert;;;;;;;;;;
;da2danielAbonniert;;;;;;;;;;
;michellemariia_?Michelle?Abonniert;;;;;;;;;;
; denissaviicDenis SavicAbonniert;;;;;;;;;;
;alexa_br1Alexa BraunAbonniert;;;;;;;;;;
; freddy_fridzonFrieder FenchelAbonniert;;;;;;;;;;
; ca.einsCarolinAbonniert;;;;;;;;;;
; nicolai_wndNicolaï WindAbonniert;;;;;;;;;;
; juzee_Julia?Abonniert;;;;;;;;;;
; vici._Abonniert;;;;;;;;;;
; juicianaaJanaAbonniert;;;;;;;;;;
; lx_ara?Abonniert;;;;;;;;;;
; mls_mmclvcMilos MomcilovicAbonniert;;;;;;;;;;
; andi.bronnerAndi BronnerAbonniert;;;;;;;;;;
; oerniiLukas VrnklAbonniert;;;;;;;;;;
;fabi_endischFabian EndischAbonniert;;;;;;;;;;
; renata.iicAbonniert;;;;;;;;;;
;0_larsioLarisoAbonniert;;;;;;;;;;
; zandrareSandra R.Abonniert;;;;;;;;;;
; lissy.btElisabeth BurthAbonniert;;;;;;;;;;
; _david_koester_David KösterAbonniert;;;;;;;;;;
; hannarbkAbonniert;;;;;;;;;;
; leniileinLena Kaiser - neues ProfilAbonniert;;;;;;;;;;
; franziska.schoberFranziska SchoberAbonniert;;;;;;;;;;
; troostiboyTroostiboyAbonniert;;;;;;;;;;
; triathlon_trail_travelKathrinAbonniert;;;;;;;;;;
;lisica71Mirsada SeckanovicAbonniert;;;;;;;;;;
; mediircAbonniert;;;;;;;;;;
; bea_bellidoBeatriz BellidoAbonniert;;;;;;;;;;
; sezentemurSezenAbonniert;;;;;;;;;;
;jannis_0405_JannisAbonniert;;;;;;;;;;
; __liisa.mariie__Abonniert;;;;;;;;;;
; anniveronaANNI ?Abonniert;;;;;;;;;;
;chosencore1Mostafa MobayedAbonniert;;;;;;;;;;
; foundnorealnameKaroAbonniert;;;;;;;;;;
; johanna.neinJohannaAbonniert;;;;;;;;;;
; jessica_ciaraAbonniert;;;;;;;;;;
;kohlhaas_mMichiAbonniert;;;;;;;;;;
; racingalohaRacing AlohaAbonniert;;;;;;;;;;
; bnkflrnFlo Be ✌?Abonniert;;;;;;;;;;
; peja.gPeja Stoja GujaAbonniert;;;;;;;;;;
; leniliciouzAbonniert;;;;;;;;;;
; taruesTanjaAbonniert;;;;;;;;;;
; lar.ianeLaraAbonniert;;;;;;;;;;
; jeronimoehlertJeronimo EhlertAbonniert;;;;;;;;;;
;elisaspassionkunst und kletternAbonniert;;;;;;;;;;
; jan__mayerJan MayerAbonniert;;;;;;;;;;
; carolinesauter_Caroline SauterAbonniert;;;;;;;;;;
; marija_lalyMarija LalićAbonniert;;;;;;;;;;
;eis.madAhmad RezaAbonniert;;;;;;;;;;
; ivanacrv_?￰ﾟﾅﾅ?￰ﾟﾄﾽ?Abonniert;;;;;;;;;;
; alex_beck_triAlexander BeckAbonniert;;;;;;;;;;
; m.wieauchimmerMike WieauchimmerAbonniert;;;;;;;;;;
; cpodgornyjChristina PodgornyjAbonniert;;;;;;;;;;
;ste.pcn?￰ﾝﾓﾉ?￰ﾝﾒﾻ?￰ﾝﾓﾃ?￰ﾝﾒﾶ ?￰ﾝﾓﾊ?￰ﾝﾒﾸ?￰ﾝﾒﾶ?￰ﾝﾑﾜ/?￰ﾝﾒﾶ?￰ﾝﾑﾜ?￰ﾝﾒﾾ?￰ﾝﾑﾜAbonniert;;;;;;;;;;
; kilian.manjaroKilian LimmerAbonniert;;;;;;;;;;
; luka_nicovic_Luka NicovicAbonniert;;;;;;;;;;
; alexanderkrrAlexander KreuzerAbonniert;;;;;;;;;;
; djordje_zecĐorđe ZekavicaAbonniert;;;;;;;;;;
; filipkolacekFilip KolačekAbonniert;;;;;;;;;;
; maerycherryL I S AAbonniert;;;;;;;;;;
; request.higherAbonniert;;;;;;;;;;
; liv_sailerAbonniert;;;;;;;;;;
; tami.bockTamiii ?Abonniert;;;;;;;;;;
; _.dine._NadineAbonniert;;;;;;;;;;
; veerenskiiverena ⚜️Abonniert;;;;;;;;;;
;jannick2110Jannick™Abonniert;;;;;;;;;;
; denisdzgn⚜ Denis Düzgün ⚜Abonniert;;;;;;;;;;
; clarissawiedClarissaAbonniert;;;;;;;;;;
;kruniceva_jJelena KrunicAbonniert;;;;;;;;;;
; selina.schoSelina S.Abonniert;;;;;;;;;;
; juuuulllllliiiiiiJuliAbonniert;;;;;;;;;;
; annilii_AnnkatrinAbonniert;;;;;;;;;;
; nike_klemmerNikeAbonniert;;;;;;;;;;
; sophiastella_SophiaAbonniert;;;;;;;;;;
;wesayso_WE SAY SOAbonniert;;;;;;;;;;
; _na_und_VeraAbonniert;;;;;;;;;;
;_juleeha_Abonniert;;;;;;;;;;
;iva.b91Abonniert;;;;;;;;;;
;juliagabarinجُولّيا هَيّثَـمAbonniert;;;;;;;;;;
; tristantheodorTristan StroblAbonniert;;;;;;;;;;
; beneofficialBene A. SchüttlerAbonniert;;;;;;;;;;
; madeleinesflohmiM A D E L E I N EAbonniert;;;;;;;;;;
; marafinkMara ?Abonniert;;;;;;;;;;
;triathlon__devilChrisTianAbonniert;;;;;;;;;;
; d_lkcDominikAbonniert;;;;;;;;;;
; axel_domannAxelDAbonniert;;;;;;;;;;
; achim.schadAchim SchadAbonniert;;;;;;;;;;
; tri_run_ehingenTSG Ehingen TRI&RUNAbonniert;;;;;;;;;;
; dodiciouscharloddiAbonniert;;;;;;;;;;
;marion_wexfitMarion WexAbonniert;;;;;;;;;;
; manuelsorgManuel SorgAbonniert;;;;;;;;;;
; triathlonveggy.deELLEN / TRIATHLON / VEGANAbonniert;;;;;;;;;;
;anjahbnrAnjaAbonniert;;;;;;;;;;
; silke.pillerSilkeAbonniert;;;;;;;;;;
; lauradimuniLaura Di MuniAbonniert;;;;;;;;;;
; lenamarie_ptzLena-MarieAbonniert;;;;;;;;;;
; celine_so_phieCelineAbonniert;;;;;;;;;;
; tommy_maschineAbonniert;;;;;;;;;;
; lidijaslovicLidija SlovicAbonniert;;;;;;;;;;
; burorinoAbonniert;;;;;;;;;;
; fashionistas.in.ulmFashionistas in UlmAbonniert;;;;;;;;;;
; nicolas_galagodaNicolas GalagodaAbonniert;;;;;;;;;;
; gabrijela_jakovicGabi?Abonniert;;;;;;;;;;
;maxm_98Max | 23 | ? ?Abonniert;;;;;;;;;;
; fannouch_lamoucheFannouchAbonniert;;;;;;;;;;
; neskovic_natasaNatašaAbonniert;;;;;;;;;;
; meyerjuriFinanzierung & VersicherungAbonniert;;;;;;;;;;
;blonde_mafia_nina mariaAbonniert;;;;;;;;;;
; barbaracovicBarbara ČovićAbonniert;;;;;;;;;;
;jovana.paliibrkAbonniert;;;;;;;;;;
; yourgirltanAbonniert;;;;;;;;;;
; drn.hhADRIANAAbonniert;;;;;;;;;;
;marlenestrMarleneAbonniert;;;;;;;;;;
;anne.karkAnneAbonniert;;;;;;;;;;
;ellisantoni_Abonniert;;;;;;;;;;
; amarenacyclesAbonniert;;;;;;;;;;
; evelynbranickaja?￰ﾝﾑﾨ?￰ﾝﾑﾯ?￰ﾝﾑﾶ?￰ﾝﾑﾱ?￰ﾝﾑﾵ?￰ﾝﾑﾰ?Abonniert;;;;;;;;;;
; annaxviAnna W.Abonniert;;;;;;;;;;
; crp_dancecrewC.R.P. - German Dancecrew UlmAbonniert;;;;;;;;;;
;joe_hanson_1Joe HansonAbonniert;;;;;;;;;;
;micha_3007MichaAbonniert;;;;;;;;;;
; __brankakovacevic__? T & D ?Abonniert;;;;;;;;;;
; daniel.moosbruggerDaniel MoosbruggerAbonniert;;;;;;;;;;
; joke_streitJojoAbonniert;;;;;;;;;;
;m.knop.triathlon?￰ﾟﾇﾪ Manuel KNOP ?￰ﾟﾇﾪAbonniert;;;;;;;;;;
;a_melie27Amelie ?Abonniert;;;;;;;;;;
; frankbidmonFrank BidmonAbonniert;;;;;;;;;;
;nzalisticNils HägeAbonniert;;;;;;;;;;
; eva.marie.heEva Marie HeringAbonniert;;;;;;;;;;
; xnikks_ΝικολέταAbonniert;;;;;;;;;;
; emilkuenstEmilAbonniert;;;;;;;;;;
; fabi_sftFabian SchaffertAbonniert;;;;;;;;;;
; johanneshaeusslerJohannes HäußlerAbonniert;;;;;;;;;;
; tnroxana.gfAbonniert;;;;;;;;;;
; tympaniofficialTympaniAbonniert;;;;;;;;;;
;user1415926535897932384626433Abonniert;;;;;;;;;;
;dariosumisuraＤＡＲＩＯ ＮＩＣＯ ＰＥＤＩＣＩＬＬＯAbonniert;;;;;;;;;;
; naaaaaaathi♡ ?￰ﾝﾓﾪ?￰ﾝﾓﾱ?￰ﾝﾓﾵ?￰ﾝﾓﾮ ♡Abonniert;;;;;;;;;;
; ninakuhnenNinaAbonniert;;;;;;;;;;
; catxdcstmrCatarina Da Costa MeiraAbonniert;;;;;;;;;;
; dzurdzinaseye contact ?￰ﾟﾌﾤ?￢ﾀﾍ♀️☁️Abonniert;;;;;;;;;;
;francinee_zFranziAbonniert;;;;;;;;;;
;jasmine.hrmnJasmine | 26Abonniert;;;;;;;;;;
; _genausoaberandersElenaAbonniert;;;;;;;;;;
; lukaswatznauerLukas Watznauer ?￰ﾟﾇﾹ || ?￰ﾟﾇﾱAbonniert;;;;;;;;;;
;fithappens.ltV I K T O R I J A ?￰ﾟﾐﾊ?Abonniert;;;;;;;;;;
; stefanibaaAbonniert;;;;;;;;;;
;jelena.josJelli ?Abonniert;;;;;;;;;;
;sneza3535SnezaAbonniert;;;;;;;;;;
; andre_lazar_mAndré LazarAbonniert;;;;;;;;;;
; christina__plsChristinaAbonniert;;;;;;;;;;
; andreas_jung_triAndreas JungAbonniert;;;;;;;;;;
;paulrittwegerPaul RAbonniert;;;;;;;;;;
; kristingingeleKristin Diana G ?Abonniert;;;;;;;;;;
;tr_verenarosatr_verenarosaAbonniert;;;;;;;;;;
; sebatraeSebastian TränkleAbonniert;;;;;;;;;;
; lennart_fiederlingLennart FiederlingAbonniert;;;;;;;;;;
;frederikeleona♕ ?￰ﾝﾔﾯ?￰ﾝﾔﾡ?￰ﾝﾔﾩAbonniert;;;;;;;;;;
; alex_tgbcAlex RothAbonniert;;;;;;;;;;
; annab.willbannabelleAbonniert;;;;;;;;;;
;sanjamateaSanja MateaAbonniert;;;;;;;;;;
; pipa_pau_lalaPaulaAbonniert;;;;;;;;;;
; zimmi_mannJona ZimmermannAbonniert;;;;;;;;;;
; tim.groeTimAbonniert;;;;;;;;;;
; nadja_palibrk_?￰ﾝﾖﾆ?￰ﾝﾖﾏ? ?￰ﾝﾖﾆ?￰ﾝﾖﾎ?￰ﾝﾖﾗ?￰ﾟﾑﾸAbonniert;;;;;;;;;;
;annaleasophieAnna-Lea Sophie K.Abonniert;;;;;;;;;;
;philipprb8Philipp BischofsbergerAbonniert;;;;;;;;;;
; badattackkLeaAbonniert;;;;;;;;;;
; linodebeneAbonniert;;;;;;;;;;
;la_prawitzClaudia PrawitzAbonniert;;;;;;;;;;
; j.smxnJ. ☕️Abonniert;;;;;;;;;;
; kuneckova.nНаташаAbonniert;;;;;;;;;;
; anna.hrzbrgAnna ♡⛰Abonniert;;;;;;;;;;
;lockenmaedchen2017LockenMädchen?Abonniert;;;;;;;;;;
; simona.merzSimona?Abonniert;;;;;;;;;;
; raoul.shttlRaoulAbonniert;;;;;;;;;;
; goldengninaNina ?Abonniert;;;;;;;;;;
; johannesvedderJohannes VedderAbonniert;;;;;;;;;;
;stefan_beusseStefanAbonniert;;;;;;;;;;
;st.wachterStefan WacAbonniert;;;;;;;;;;
;njegova__lalaSanja ĐokićAbonniert;;;;;;;;;;
; sg_allgaeu_chiemgauSG Allgäu-ChiemgauAbonniert;;;;;;;;;;
; valeria_scllValeria ?Abonniert;;;;;;;;;;
; yannick.jensonYannickAbonniert;;;;;;;;;;
;m_u_know_who_it_isAbonniert;;;;;;;;;;
; nici.lrzAbonniert;;;;;;;;;;
; tobi.fdrTobias FeldbinderAbonniert;;;;;;;;;;
;fenderbaum187Alexander Gloël - MunichAbonniert;;;;;;;;;;
; foreverazaAza ŠabanovićAbonniert;;;;;;;;;;
; markus.stoehrMarkus StöhrAbonniert;;;;;;;;;;
;paulinamecierPaulinaAbonniert;;;;;;;;;;
;__adler3M. A.Abonniert;;;;;;;;;;
; dagmaralberDagmar AlberAbonniert;;;;;;;;;;
; heike.franziskaHeikeAbonniert;;;;;;;;;;
; jamie_magee_triJamie MageeAbonniert;;;;;;;;;;
;_gl_oriaaaGloriaAbonniert;;;;;;;;;;
;verasophie_Vera | 28 | HamburgAbonniert;;;;;;;;;;
; aanadjknvcAna?Abonniert;;;;;;;;;;
;lenakue__LENA ?Abonniert;;;;;;;;;;
; _leafyart_LeafyArt?Abonniert;;;;;;;;;;
; triturbo_TriTurboAbonniert;;;;;;;;;;
; ingeborgkardIngeborg AAbonniert;;;;;;;;;;
;mrnfls_M A R I N AAbonniert;;;;;;;;;;
;lynn_janaAbonniert;;;;;;;;;;
; julecharlottJule ?Abonniert;;;;;;;;;;
;blacky_jr11?￰ﾝﾓﾪ?￰ﾝﾓﾪ ?￰ﾝﾓﾻ ?￰ﾟﾧﾸ?Abonniert;;;;;;;;;;
; zuzka_ungerZuzka UngerAbonniert;;;;;;;;;;
; luxumearchivesLUXU MEAbonniert;;;;;;;;;;
; emmarebecapintoEmma Rebeca ? >>Abonniert;;;;;;;;;;
; ilaurav?Abonniert;;;;;;;;;;
; dennisschl_Dennis S.Abonniert;;;;;;;;;;
; tobiwayTobi WagnerAbonniert;;;;;;;;;;
; simon_webrSimonAbonniert;;;;;;;;;;
; helena_jakovicHelena JakovicAbonniert;;;;;;;;;;
; seliinchenselinaAbonniert;;;;;;;;;;
; ayombsamraAbonniert;;;;;;;;;;
; useweissnixDarius DanielAbonniert;;;;;;;;;;
;anna0lawsonanna0lawsonAbonniert;;;;;;;;;;
;doreeniiii_DoreenAbonniert;;;;;;;;;;
; stefanievavitsaΣτεφανιαAbonniert;;;;;;;;;;
;janajaninambJana Janina |?￰ﾟﾇﾩ?Abonniert;;;;;;;;;;
; lauralupiiLAURAAbonniert;;;;;;;;;;
; charlottehollensteinerchachaAbonniert;;;;;;;;;;
; doreen.maryyDoreenAbonniert;;;;;;;;;;
; lukas.pietrekLukas PietrekAbonniert;;;;;;;;;;
; blo_ulmBLO UlmAbonniert;;;;;;;;;;
;10danceacademynu10DanceAcademy Neu-UlmAbonniert;;;;;;;;;;
; sbttcher?￰ﾝﾒﾶ?￰ﾝﾓﾃ?￰ﾟﾌﾹAbonniert;;;;;;;;;;
; buhlantonBuhl AntonAbonniert;;;;;;;;;;
;megandsiosaM E G A N Y A S M I NAbonniert;;;;;;;;;;
;dozestrDominikAbonniert;;;;;;;;;;
; andruchaa__Prinzessin ? ?Abonniert;;;;;;;;;;
;biinschiBine ?Abonniert;;;;;;;;;;
;blogger4charityᴮᴸᴼᴳᴳᴱᴿ4ᶜᴴᴬᴿᴵᵀʸ ©Abonniert;;;;;;;;;;
;jelenabohnetJelenaAbonniert;;;;;;;;;;
; vibezz.deDein Lifestyle-Mag für UlmAbonniert;;;;;;;;;;
; kathaariinaskatharinaAbonniert;;;;;;;;;;
;janabretschneiderAbonniert;;;;;;;;;;
;stephanie.211Abonniert;;;;;;;;;;
;gti_35matty FeAbonniert;;;;;;;;;;
; broerkitbbAbonniert;;;;;;;;;;
; carmipandaCarmenAbonniert;;;;;;;;;;
;steffi.off?￰ﾝﾓﾉ?￰ﾝﾓﾅ?￰ﾝﾒﾶ?￰ﾝﾒﾾ?Abonniert;;;;;;;;;;
; dnxklsAbonniert;;;;;;;;;;
;michael_reithmayr_triathletemichael.reithmayrAbonniert;;;;;;;;;;
; joco_mvЈ. Ф.Abonniert;;;;;;;;;;
; schaffy_triTimo SchaffeldAbonniert;;;;;;;;;;
; nathie.andreaNathalie | Tri & RunAbonniert;;;;;;;;;;
; la.love_?O?Abonniert;;;;;;;;;;
;aleksa.stojicic91Aleksandar StojisicAbonniert;;;;;;;;;;
; anja_stojisic?Anja_S?Abonniert;;;;;;;;;;
;bestrimbeBestrim BerishaAbonniert;;;;;;;;;;
; katrinbkeKatrinAbonniert;;;;;;;;;;
; armando.zanicarmando zanicAbonniert;;;;;;;;;;
; janniknb_Abonniert;;;;;;;;;;
; liz.eyLizAbonniert;;;;;;;;;;
; jona_roescheiseJonaAbonniert;;;;;;;;;;
;urmariahM A R I AAbonniert;;;;;;;;;;
;10maierTim MaierAbonniert;;;;;;;;;;
; deinezeitulmDeine Zeit UlmAbonniert;;;;;;;;;;
; melandiesweltmelandie Dekoration & DesignsAbonniert;;;;;;;;;;
;tri2getherTri2getherAbonniert;;;;;;;;;;
; tamaravalentina__Abonniert;;;;;;;;;;
;nanica_333Anja StojisicAbonniert;;;;;;;;;;
; istriabikeIstriaBikeAbonniert;;;;;;;;;;
;ivanadivic_Abonniert;;;;;;;;;;
;julian19953010J.U.L.I.A.NAbonniert;;;;;;;;;;
; b_isa_samAbonniert;;;;;;;;;;
; selinabasics e l i n aAbonniert;;;;;;;;;;
; gunnar.shippGunnarAbonniert;;;;;;;;;;
; fabia_maramottiFabia MaramottiAbonniert;;;;;;;;;;
; marielle.jeanne_Marielle JeanneAbonniert;;;;;;;;;;
;irenanic73Irena NicovicAbonniert;;;;;;;;;;
;eis_galerieEis Galerie GmbHAbonniert;;;;;;;;;;
; limawiiLisa Marie WilmsmannAbonniert;;;;;;;;;;
;bodynumber1Mathias SchmidAbonniert;;;;;;;;;;
; hannaemma_Hanna EmmaAbonniert;;;;;;;;;;
; samo_ludaaaValentina JovanovićAbonniert;;;;;;;;;;
;no_here_is_natasyaNatasya Sherin-ScherrerAbonniert;;;;;;;;;;
;danikleiser.triDani KleiserAbonniert;;;;;;;;;;
;resee.mAbonniert;;;;;;;;;;
;gloriy00Abonniert;;;;;;;;;;
; annapaulinesander_P L I N EAbonniert;;;;;;;;;;
;herr_emmerichVerifiziertMarcel EmmerichAbonniert;;;;;;;;;;
;giuseppe_scevola? ? ? ? ? ? ? ?Abonniert;;;;;;;;;;
;sah_madeleineAbonniert;;;;;;;;;;
;leflo_jamesFLORIAN KÖPPLAbonniert;;;;;;;;;;
;iamninopetrovicNino Petrovic Abonniert;;;;;;;;;;
; maja.x.kMaja KuneckiAbonniert;;;;;;;;;;
;lara.maischLARA MAISCHAbonniert;;;;;;;;;;
;tim.gummertAbonniert;;;;;;;;;;
; ninabuehrlennina ?Abonniert;;;;;;;;;;
; marli_foxVerifiziertMarlene Gomez IslingerAbonniert;;;;;;;;;;
; sevvvenartsSE V V V EN COMING SOONAbonniert;;;;;;;;;;
; franzi_hettFranziAbonniert;;;;;;;;;;
;10danceacademyulmHipHop Danceschool?ULM MitteAbonniert;;;;;;;;;;
;jeanny.r_?￰ﾝﾐﾄ?￰ﾝﾐﾍ?￰ﾝﾐﾘ ?.Abonniert;;;;;;;;;;
;lillisteigerLilli ?Abonniert;;;;;;;;;;
;giacomoiraci.itaGiacomo Iraci SareriAbonniert;;;;;;;;;;
; michelle_nreMichelle NrecajAbonniert;;;;;;;;;;
;majaharia?￰ﾝﾐﾚ?￰ﾝﾐﾢ?Abonniert;;;;;;;;;;
; leon.numbLeon N.Abonniert;;;;;;;;;;
;__cf97__C A R O L I N - M A R I EAbonniert;;;;;;;;;;
;janmlr21Jan MillerAbonniert;;;;;;;;;;
; jonashundJonas Hund ️️️️Abonniert;;;;;;;;;;
; philipp_bosshardPhilipp BosshardAbonniert;;;;;;;;;;
; eisrausch.ulmDie Ulmer EismanufakturAbonniert;;;;;;;;;;
;putze23Patrice OppligerAbonniert;;;;;;;;;;
; janinepppJPAbonniert;;;;;;;;;;
;derekrovesewil99Sebastian HausmannAbonniert;;;;;;;;;;
; mava__Maria ?￰ﾟﾏﾽ‍♀️Abonniert;;;;;;;;;;
; andrey_alypovAndrey AlypovAbonniert;;;;;;;;;;
; lotushaagLotus ?Abonniert;;;;;;;;;;
; diebesserer? Eva-Maren BessererAbonniert;;;;;;;;;;
;vanyy.yvaniiiAbonniert;;;;;;;;;;
; agathalorenzAgaAbonniert;;;;;;;;;;
;shantihaagshanti océaneAbonniert;;;;;;;;;;
; isaletta?￰ﾝﾕﾤ? ?￰ﾝﾕﾠ?￰ﾝﾕﾥ?￰ﾝﾕﾝ?Abonniert;;;;;;;;;;
; stadtkind.maximaxi hartmannAbonniert;;;;;;;;;;
; jnnltvnJenny LitvinAbonniert;;;;;;;;;;
;z3r0d_d_a_ch?￰ﾝﾐﾄ?￰ﾝﾐﾎ? ?￰ﾟﾇﾪ?￰ﾟﾇﾹ?￰ﾟﾇﾭAbonniert;;;;;;;;;;
;leaisata?￰ﾝﾗﾲ? ♡︎Abonniert;;;;;;;;;;
; alina_bnzrAlina BenzerAbonniert;;;;;;;;;;
; sonja.herSonja HerzogAbonniert;;;;;;;;;;
;saratasovac?￰ﾝﾚﾊ?￰ﾝﾚﾊ ?￰ﾝﾚﾊ?￰ﾝﾚﾘ?￰ﾝﾚﾊ?Abonniert;;;;;;;;;;
; raelertbrothersRaelert-BrothersAbonniert;;;;;;;;;;
;ninahammererNinaAbonniert;;;;;;;;;;
; about__nineℕ?￰ﾝﾕﾟ? ?￰ﾝﾕﾠ?￰ﾝﾕﾝ?￰ﾝﾕﾣAbonniert;;;;;;;;;;
;vs22einelocke? Vinko ŠapinaAbonniert;;;;;;;;;;
; vickybackerVICKY✨Abonniert;;;;;;;;;;
;umi.gizz. ?￰ﾝﾑﾖ?￰ﾝﾑﾒ? & ?￰ﾝﾑﾚ?￰ﾝﾑﾡ .Abonniert;;;;;;;;;;
; t.konradVerifiziertThomas KonradAbonniert;;;;;;;;;;
;leeeeeeejLejla Hanusa ?Abonniert;;;;;;;;;;
; nuesenjaegerkathi nueserAbonniert;;;;;;;;;;
;jelena.matic.733Jelena MatićAbonniert;;;;;;;;;;
;violalubviolaAbonniert;;;;;;;;;;
; katrinmnkKatrinAbonniert;;;;;;;;;;
; jozic_inesJozić InesAbonniert;;;;;;;;;;
; sprcgSophieAbonniert;;;;;;;;;;
; jnastbJoana StaubAbonniert;;;;;;;;;;
;lizkefotografieLiz KeAbonniert;;;;;;;;;;
; ria_lauraRIA LAURAAbonniert;;;;;;;;;;
;anna__1505__Anna MeßmangAbonniert;;;;;;;;;;
;vladorodicVlado RodićAbonniert;;;;;;;;;;
;caroooo______CaroAbonniert;;;;;;;;;;
;lisaheissigLisa HeissigAbonniert;;;;;;;;;;
; babic____mBabic MilkaAbonniert;;;;;;;;;;
;selphmade1ᔕᗩᖇᗩᕼ E ᕼᗩᗰᗰOᑎᗪAbonniert;;;;;;;;;;
;maududlitzMau D.Abonniert;;;;;;;;;;
;_dtschgl? Ditschi ? DianaAbonniert;;;;;;;;;;
; caroldouss?￰ﾟﾑﾩ‍✈️Abonniert;;;;;;;;;;
;alexchaudoirAlexiaAbonniert;;;;;;;;;;
;radio_freefmRadio free FMAbonniert;;;;;;;;;;
; psyfakoPsyFaKo e.V.Abonniert;;;;;;;;;;
;rob98baumannRobert BaumannAbonniert;;;;;;;;;;
;jana.mjc? ? ? ? ?Abonniert;;;;;;;;;;
; michael_raelertMichael RaelertAbonniert;;;;;;;;;;
;triathlon_picsTriathlon PicturesAbonniert;;;;;;;;;;
;skinfit_internationalSkinfit InternationalAbonniert;;;;;;;;;;
;sophiajulianaSophia | On Run CrewAbonniert;;;;;;;;;;
; tabsliiT? T-ManAbonniert;;;;;;;;;;
;zweibubenfuercappuHendrik & DanielAbonniert;;;;;;;;;;
;tomobeljoTomislav BeljoAbonniert;;;;;;;;;;
;aca.91Aca StojisicAbonniert;;;;;;;;;;
; schmidlpaulaPaula SchmidlAbonniert;;;;;;;;;;
;rehkisss?￰ﾝﾒﾉ? ?￰ﾝﾒﾊ?￰ﾝﾒﾊ?￰ﾝﾒﾆ ?￰ﾝﾒﾆ?￰ﾝﾒﾊ?￰ﾝﾒﾊ?￰ﾝﾒﾆAbonniert;;;;;;;;;;
; runninglisaoLisa OedAbonniert;;;;;;;;;;
;life.of_sebSebastian ZellerAbonniert;;;;;;;;;;
; herrdavidhaaseHerr David HaaseAbonniert;;;;;;;;;;
; julianfritzenschaftjulianfritzenschaftAbonniert;;;;;;;;;;
;tri_tra_triathloveLaura Behnke • VEGAN TRILOVER?Abonniert;;;;;;;;;;
; kaayla.scr?.? | ulm | ♐︎Abonniert;;;;;;;;;;
;strullereule?￰ﾟﾅﾛ? ?￰ﾟﾅﾛ? ?￰ﾟﾅﾛ?Abonniert;;;;;;;;;;
;marcus_buechlerMarcus BüchlerAbonniert;;;;;;;;;;
;laras.rezepteLARA‘S REZEPTEAbonniert;;;;;;;;;;
;majamanczakVerifiziertMaja MańczakAbonniert;;;;;;;;;;
; julia.t.langeJulia LangeAbonniert;;;;;;;;;;
;nanasimmiNANA ?Abonniert;;;;;;;;;;
; angela.strAbonniert;;;;;;;;;;
; valeriakleinerValeriaAbonniert;;;;;;;;;;
; c.eznjaAbonniert;;;;;;;;;;
;hanneshawaiitoursHannes Hawaii ToursAbonniert;;;;;;;;;;
;emmi.lambrechtEmmi | Haut - & HypnosecoachAbonniert;;;;;;;;;;
; paulineluciaραυℓιηєℓυ¢ια?Abonniert;;;;;;;;;;
; techomgHightech ?Lifehack?FunAbonniert;;;;;;;;;;
;schnettileinSchnetti Chová ?Abonniert;;;;;;;;;;
; gipfelistuermerTimo | On Run CrewAbonniert;;;;;;;;;;
; franzloeschkeFranz LöschkeAbonniert;;;;;;;;;;
;"bocki.pushinglimitsNiclas ""Bocki"" BockAbonniert";;;;;;;;;;
; marcelhilgerMarcel HilgerAbonniert;;;;;;;;;;
;danielwelsch_Daniel WelschAbonniert;;;;;;;;;;
; thewomenallrideThe Women All RideAbonniert;;;;;;;;;;
; vroni_annVERONIKA ANNAAbonniert;;;;;;;;;;
;running_kathaKathaAbonniert;;;;;;;;;;
; marilena.francaMarilena BerendsAbonniert;;;;;;;;;;
;pinupsecretberlin⭐️Pinup Secret⭐️Abonniert;;;;;;;;;;
;swp.deSÜDWEST PRESSEAbonniert;;;;;;;;;;
; __helenab?￰ﾝﾚﾎ?￰ﾝﾚﾎ?￰ﾝﾚﾊ ☼Abonniert;;;;;;;;;;
;s.a.n.d.r.a.79SandraAbonniert;;;;;;;;;;
; ironmanswitzerlandIRONMAN SwitzerlandAbonniert;;;;;;;;;;
;vazjhonnesJhonnes VazAbonniert;;;;;;;;;;
;ancas91Anca❣MunichAbonniert;;;;;;;;;;
; thaisbohmthaísAbonniert;;;;;;;;;;
;laurizimLaura ZimmermannAbonniert;;;;;;;;;;
;natigrebeNatalie Grebe ?Abonniert;;;;;;;;;;
; flxhentschelFelix HentschelAbonniert;;;;;;;;;;
; missmimozaVerifiziertMIMOZAAbonniert;;;;;;;;;;
;kingasensiosiveraMarcel Caruso KaiserAbonniert;;;;;;;;;;
;time2tri.meTIME2TRIAbonniert;;;;;;;;;;
;swiss_claudiClaudi SwissAbonniert;;;;;;;;;;
;hannah_emilia;;;;;;;;;;