timestamp1;data.name1;data.uri1;timestamp2;data.name2;data.uri2
1617704099;IRONMAN Switzerland Thun 2021;https://www.facebook.com/events/877183555992154/;1592755070;Finja Berger;https://www.facebook.com/finja.berger
1603186207;Salsa + Bachata Intensiv LIVESTREAM Basickurs;https://www.facebook.com/events/632471920732127/;1592127032;Mellissa Loos;https://www.facebook.com/mellissa.loos
1602582493;Herbst-Traillauf Geislingen / Steige - Felsen-Tour und Weitblick-Tour;https://www.facebook.com/events/2760405737542156/;1590129747;Reinhard MÃ¼hlbauer;https://www.facebook.com/profile.php?id=100001997842769
1594637296;Racing Aloha Social Run - Ulm #1;https://www.facebook.com/events/2628144740748389/;1589800017;Dominik Dean;https://www.facebook.com/dominikdean
1588758633;IRONMAN 70.3 Switzerland 2020;https://www.facebook.com/events/2945624818786214/;1580977265;Sandra Ziech;https://www.facebook.com/sandra.ziech
1588088084;Totale Sonnenfinsternis am 03.09.2081;https://www.facebook.com/events/640602756081261/;1577658558;Chantal Bachteler;https://www.facebook.com/chantal.bachteler
1584890877;90% Kurzarbeitergeld jetzt! (Text lesen!);https://www.facebook.com/events/647834699308792/;1573154142;Nathalie Hones;https://www.facebook.com/nathalie.kogel
1583417556;Missy Workshops Kids + Heels;https://www.facebook.com/events/613488422541617/;1573060423;Johanna Mvielleicht;https://www.facebook.com/johanna.mvielleicht
1583051880;Fastenmarkt â Verkaufsoffener Sonntag;https://www.facebook.com/events/193185148421793/;1568091186;Carina Erthle;https://www.facebook.com/carina.erthle
1582584111;FÃ¼r Sama: Sondervorstellung mit anschlieÃender GesprÃ¤chsrunde;https://www.facebook.com/events/524195428228988/;1568090844;Markus StÃ¶hr;https://www.facebook.com/stoehr.markus
1582479133;AnnenMayKantereit â¢ Ulm â¢ ratiopharm arena;https://www.facebook.com/events/468314597325551/;1568090842;Sarah Schmid;https://www.facebook.com/sarahliiii
1582479066;Informationsveranstaltung Donaustetten/GÃ¶gglingen;https://www.facebook.com/events/621410095005386/;1568018145;Philipp Zimmerhackl;https://www.facebook.com/philipp.zimmerhackl
1581693758;Jahresempfang des CDU Stadtverbandes Ulm mit Friedrich Merz;https://www.facebook.com/events/526870337962676/;1567890549;Azra Rizvic;https://www.facebook.com/azra.muminovic.39
1581419229;Racing Aloha Langlaufwochenende;https://www.facebook.com/events/1024674077885808/;1567666104;David KÃ¶ster;https://www.facebook.com/david.koster.77
1580298842;Int. OCEAN FILM TOUR Vol. 7 Ulm;https://www.facebook.com/events/658413244687205/;1567536178;Tanja Za;https://www.facebook.com/tanja.zast
1580298842;Banff Mountain Film Festival World Tour, Ulm;https://www.facebook.com/events/586176961916854/;1567493712;Nic Finity;https://www.facebook.com/profile.php?id=100004328925493
1578433492;European Outdoor Film Tour 19/20 - Ulm;https://www.facebook.com/events/452825845497682/;1567493696;Dragana Vasilijevic;https://www.facebook.com/milan.poledica.54
1577098365;Winter-Traillauf in Blaubeuren;https://www.facebook.com/events/849426165476631/;1567441777;Lennart Fiederling;https://www.facebook.com/lennart.fiederling
1575033970;Adventstrail am Falkenstein;https://www.facebook.com/events/589465958494803/;1567441770;Jonas Hochrein;https://www.facebook.com/JonasHochrein
1574250665;Haltung bewahren?!;https://www.facebook.com/events/2910943172251678/;1567287831;Alex Stark;https://www.facebook.com/alex.stark.16
1573673857;albside X-Mas Run;https://www.facebook.com/events/763523397420213/;1567287807;Benjamin Tschage;https://www.facebook.com/benjamin.tschage
1573208470;AFTER X-MAS TRAIL VI;https://www.facebook.com/events/465846734279302/;1566987371;Kerstin Luna;https://www.facebook.com/kerstin.wild.7
1572877965;Denis We Workshops;https://www.facebook.com/events/801421636958778/;1566987257;Tobias Wild;https://www.facebook.com/tobias.wild.12
1572614995;Nikolausparty der KjG Neuthard 2019;https://www.facebook.com/events/2477828189208156/;1566885875;Philipp Ibach;https://www.facebook.com/philipp.ibach.9
1572044937;38. AllgÃ¤u Triathlon;https://www.facebook.com/events/2466057920292438/;1566827798;Jelena Maksimovic;https://www.facebook.com/jelena.maksimovic.543
1571397995;Workshops with Torben Hunter;https://www.facebook.com/events/1412032522287160/;1566827796;Stefan Spine Maksimovic;https://www.facebook.com/profile.php?id=100000720909533
1570468427;GroÃes Crewcasting 19/20;https://www.facebook.com/events/532452500864030/;1566803112;Nicole Wenckebach;https://www.facebook.com/nicole.wenckebach
1570350433;13. Marktlauf Pfaffenhofen powered by LEW;https://www.facebook.com/events/397700494515943/;1566761726;Peter Steiner;https://www.facebook.com/PetersLaufseite
1569305080;9. Run to the Hills 2019;https://www.facebook.com/events/2119183941717670/;1566747821;Thomas KrÃ¤upner;https://www.facebook.com/thomas.kraupner
1569228737;44. itdesign-Nikolauslauf TÃ¼bingen;https://www.facebook.com/events/456495201601082/;1566723631;Rh Hartmann;https://www.facebook.com/rh.hartmann
1566914806;Workshop Day with Manu - different Classes;https://www.facebook.com/events/462619407655012/;1566642305;Kate Rina;https://www.facebook.com/katerina.pamukova
1565255282;City Jump Ulm;https://www.facebook.com/events/476713326498538/;1566579104;Mathias NÃ¤gele;https://www.facebook.com/mathias.nagele
1565255282;Stabhoch-Meeting;https://www.facebook.com/events/408803396647641/;1566497751;Matthias Fromm;https://www.facebook.com/matthias.fromm.7
1564861318;10. Frankfurt City Triathlon;https://www.facebook.com/events/2333779216704784/;1566291301;DaNi WoDi;https://www.facebook.com/dani.wodi
1562683706;DANCE DAY mit Detlef Soost (kostenlos) & Fitness;https://www.facebook.com/events/2334685316850147/;1566155077;Gabriel Deliancourt;https://www.facebook.com/profile.php?id=100011871723369
1560779310;Relegationsspiel um den Bezirksliga-Aufstieg;https://www.facebook.com/events/359989431328854/;1565736479;Georgie Xlk Moondancer;https://www.facebook.com/georginho.lazarov
1560238774;Rad-Marathon Tannheimer Tal;https://www.facebook.com/events/204068873762466/;1565736259;RÃ¼diger Skoczowsky;https://www.facebook.com/rudiger.skoczowsky
1560170349;Relegationsspiel;https://www.facebook.com/events/2418961004990345/;1565641705;Sam Huston;https://www.facebook.com/sam.huston.75
1559812252;2. Slavonska trka;https://www.facebook.com/events/2284351005119864/;1565622232;Lisa Zast;https://www.facebook.com/lisa.zast
1559803589;Mazator trail;https://www.facebook.com/events/300494007316323/;1565439509;Alex GÃ¼nter;https://www.facebook.com/alex.gunter.54
1559339942;Made in April, born in January, Party in June;https://www.facebook.com/events/1053306701529201/;1565426660;Aleksandar Sanja Bojkovic;https://www.facebook.com/aleksandar.bojkovic1
1558989282;IRONMAN 70.3 St. PÃ¶lten 2019;https://www.facebook.com/events/523368201442679/;1565202557;Saskia Debelt;https://www.facebook.com/saskia.debelt
1558528149;Asyl und Menschenrechte - Welche Rolle spielt Ulm?;https://www.facebook.com/events/678258982607403/;1565168500;Marko Krunic;https://www.facebook.com/marko.krunic.161
1558087151;Informationsstand Kommunalwahl;https://www.facebook.com/events/327840421232631/;1565168458;Marko Jovo;https://www.facebook.com/profile.php?id=100007150938733
1558042360;Der Kinofilm Avengers mit der CDU;https://www.facebook.com/events/419005588647712/;1565074021;Jelena Lo;https://www.facebook.com/profile.php?id=100004810218877
1558024267;Schulterblick â Kommunalwahl ganz anders;https://www.facebook.com/events/417661922123531/;1565043166;Christoph Baader;https://www.facebook.com/christoph.baader.7
1557759332;37. AllgÃ¤u Triathlon;https://www.facebook.com/events/231812581059402/;1564933755;Steffen BÃ¼hrlen;https://www.facebook.com/steffen.buhrlen
1557738556;TOPSPIEL 1 gegen 2: FC Srbija Ulm-TSG SÃ¶flingen;https://www.facebook.com/events/2308313929441332/;1564933666;Franz BÃ¼hrlen;https://www.facebook.com/franz.buhrlen
1556816022;SWISHH â¢ HipHop â¢ 03.MAI;https://www.facebook.com/events/802797370120162/;1564870042;Louisa Sara;https://www.facebook.com/louisa.koschyk
1556263359;Otto-Party;https://www.facebook.com/events/428615684563068/;1564868782;Philip Hilker;https://www.facebook.com/philip.hilker.3
1555316187;Starkbierfest 2019;https://www.facebook.com/events/2350755798514980/;1564868629;Joe Hanson;https://www.facebook.com/johannes.hilker
1553810506;Lexy & K-Paul im Kowalski - Support Saschko & Sayuri;https://www.facebook.com/events/1698956503538932/;1564861323;Jonas Schwer;https://www.facebook.com/Jonazzzzzzz
1552048433;Erlebnisvortrag Trans Alpin Run;https://www.facebook.com/events/2514022031944754/;1564854704;Juliane Eberhardt;https://www.facebook.com/juliane.eberhardt.92
1551267268;Glombiger Doschtig 2019;https://www.facebook.com/events/1238904799590109/;1564779877;Eda Bllaca;https://www.facebook.com/eda.bllaca
1550657912;SWISHH â¢ HipHop â¢ 01.MRZ;https://www.facebook.com/events/360043244581709/;1564779857;Eda Altay;https://www.facebook.com/eda.altay.144
1546038476;Narodna eXclusive Party Grand Opening;https://www.facebook.com/events/734998876879455/;1564779852;Eda Dincer;https://www.facebook.com/eda.dincer.1800
1544198153;ALL BLACK Everything â¢ IMPERIAL LOUNGE Chur â¢ 15.12.2018;https://www.facebook.com/events/349367155797916/;1564773578;Patricia Deiss;https://www.facebook.com/patricia.deiss.1
1543922378;JUBILÃUMS PARTY #5 JAHRE CLUBHEIM WEISEL;https://www.facebook.com/events/2191015561152476/;1564505317;Sarah Has;https://www.facebook.com/sarah.has.142
1541594711;Nikolausparty der KjG Neuthard 2018;https://www.facebook.com/events/478629429314796/;1564505133;Renata Sertic Has;https://www.facebook.com/renata.sertichas
1540664841;Mottenparty;https://www.facebook.com/events/875945652610118/;1564504952;Sandra Bundalo;https://www.facebook.com/sandra.bundalo
1540506726;Adventure Tour: Magnetic - der Outdoorfilm des Jahres;https://www.facebook.com/events/417789955292882/;1564504945;Zorica Muhr;https://www.facebook.com/zorica.muhr
1537862620;6 JAHRE Weltreisen - die geilste LÃ¼cke im Lebenslauf Ulm;https://www.facebook.com/events/261499864588935/;1564504425;Altan Sabotic;https://www.facebook.com/profile.php?id=100010055431616
1533546773;Sommerfest 2018;https://www.facebook.com/events/1647901978669311/;1564504417;Amela Hadzic;https://www.facebook.com/amela80
1532970920;Shisha Festival Ulm, OPEN AIR, Music & Chill;https://www.facebook.com/events/273942503163739/;1564504346;Manuela Ilic;https://www.facebook.com/manuela.hilpertsahinagic
1532243823;Open Air Donaustetten;https://www.facebook.com/events/1148287518681372/;1564504281;Branka KovaÄeviÄ;https://www.facebook.com/branka.lakic.35
1530607384;Donaufest 2018 with Branka & Zorica;https://www.facebook.com/events/198460100995211/;1564490168;Reno van SportiveCars;https://www.facebook.com/rene.tiepelmann
1529258272;13. VR-Triathlon Lauingen 2018;https://www.facebook.com/events/183761788902673/;1564351071;Tom Dreyer;https://www.facebook.com/tom.dreyer.5
1528834447;All Black Everything #3 â¢ SummerCLosing â¢ KultClub â¢ Ravensburg;https://www.facebook.com/events/965799470247831/;1564351066;Tom Dreyer;https://www.facebook.com/profile.php?id=100009001065130
1526927312;All.Black.Everything #2 KultClub I Ravensburg;https://www.facebook.com/events/575630782805920/;1564307462;Sabrina Birkmann;https://www.facebook.com/sabrina.birkmann
1525092139;SÃ¶flinger Starkbier-Fest 2018;https://www.facebook.com/events/338130863377660/;1564159528;Leyla Ernst;https://www.facebook.com/leyla.ernst
1525080622;All Black Everything #23 I 05.05.18 I Sender Club;https://www.facebook.com/events/186177812191766/;1564159511;Manuel Sorg;https://www.facebook.com/manuel.sorg.7
1524060394;"All.Black.Everything âClubPremiereâ KultClub I Ravensburg";https://www.facebook.com/events/188799598405088/;1564132521;An Wahl;https://www.facebook.com/wahlomat1
1523996792;Sprechstunde Poetry Slam - Homburg;https://www.facebook.com/events/407740126354000/;1564132493;Lalo Lunde;https://www.facebook.com/lalo.lunde.7
1522752106;All.Black.Everything 3 Years Anniversary;https://www.facebook.com/events/214341862449924/;1564094527;Laura Alicia;https://www.facebook.com/laura.alicia.3382
1521751878;13 Years I Love Bellazza I Sender Club I 24.03.2018;https://www.facebook.com/events/377753389356681/;1563918342;Lukas Vornkl;https://www.facebook.com/oerniy
1520341234;Hip Hop Im Green // 09.MÃ¤rz // DJ Prestige & DJ M-Bangz;https://www.facebook.com/events/985337308288562/;1563918326;Philipp Hall;https://www.facebook.com/philipp.hall.5
1519984065;Hello Booking presents: Back 2 Black;https://www.facebook.com/events/2076535002627793/;1563918305;Svenja Labuhn;https://www.facebook.com/svenja.labuhn
1519062826;CLUBHEIM WEISEL || PARTY DELUXE ||;https://www.facebook.com/events/164260914365469/;1563894125;Anni Verona;https://www.facebook.com/an.ni.1656
1518950459;White Rose - Scholl KS1 | 23.02;https://www.facebook.com/events/142086296597350/;1563735689;Flo Kuball;https://www.facebook.com/florian.kuball
1518211355;Best of Malle - Altstadtkneipe HK goes to Alte MÃ¼hle;https://www.facebook.com/events/409770966146237/;1563735468;Simon Hammer;https://www.facebook.com/simon.hammer.7
1517346758;Ladies NIGHT â¢ Fr 02. FEB;https://www.facebook.com/events/178962796169717/;1563735286;Simon Benedict;https://www.facebook.com/simon.benedict.14
1517066669;Semester Closing;https://www.facebook.com/events/538553973180273/;1563735265;Simon Hinkl;https://www.facebook.com/simon.hinkl
1512565203;"Ausverkauft! - ""Blut muss flieÃen - Undercover unter Nazis""";https://www.facebook.com/events/1962279197319059/;1563722542;Sabrina Zeh;https://www.facebook.com/sabrina.kramer.12382
1511877686;Automobilwoche auf der Karrieremesse automotive TopCareer;https://www.facebook.com/events/1281086538677382/;1563722454;Kira Herlemann;https://www.facebook.com/profile.php?id=100009615201301
1510708468;Nikolausparty der KjG Neuthard 2017;https://www.facebook.com/events/2020217794890344/;1563722446;Johanna Dolpp;https://www.facebook.com/johanna.dolpp
1510656037;MOOP MAMA - Live in Ulm MOOPTopia Tour 2017 & Roger Rekless;https://www.facebook.com/events/485144801829918/;1563722298;Katrin Hantsche;https://www.facebook.com/profile.php?id=100004645574728
1510306897;11.11.17 Club Metropola /Mega koncert /Dzenan Loncarevic /GM&DJ;https://www.facebook.com/events/123982978281628/;1563696995;Katharina Grimm;https://www.facebook.com/katharina.grimm.37
1510180413;TASTE Street Food meets Craft Beer Winteredition;https://www.facebook.com/events/264696067331761/;1563660992;BoÅ¡tjan Re Lax Cilensek;https://www.facebook.com/bostjan.cilensek
1509347034;Stefano de Martino - Mo 30.10.2017 - Theatro Ulm;https://www.facebook.com/events/1522751164438463/;1563573550;Marcel Morlok;https://www.facebook.com/marcel.morlok
1508076407;Das Workshop-Event | Stars hautnah;https://www.facebook.com/events/1672737996079241/;1563449285;Daniel Zauner;https://www.facebook.com/daniel.zauner.18
1507392152;Herbstfest 2017;https://www.facebook.com/events/813487875499678/;1563385095;Carolin Kraus;https://www.facebook.com/carolin.maier.3591
1506933451;Maluma Live in Ulm;https://www.facebook.com/events/144245856123275/;1563121069;Isabelle Fink;https://www.facebook.com/isabelle.desenz
1506747231;Latino Italiano - Fr 29.09 - Theatro Ulm;https://www.facebook.com/events/677423162444816/;1562971241;Tilman HÃ¤rtig;https://www.facebook.com/tilman.hartig
1506287104;We Are Back!;https://www.facebook.com/events/1075982802437612/;;;
1506287104;20. Geburtstag!!;https://www.facebook.com/events/1008958825861132/;;;
1505416654;MÃ¤dchenflohmarkt;https://www.facebook.com/events/100201663963638/;;;
1505375403;Bock auf Wahl - Party;https://www.facebook.com/events/114817772521724/;;;
1501805938;HIGH FIVE â¢ Sa.05.August â¢ Proton The Club;https://www.facebook.com/events/469007913451071/;;;
1500651582;Halbzeit mit Suzi Pink Rocket;https://www.facebook.com/events/193583257839480/;;;
1500299287;HipHop | Ulm Stadtmitte | 9. Sep;https://www.facebook.com/events/1832921766957107/;;;
1500288693;Heute!!Dame Reggaeton x DJ Stoffy & DJ Igorito x;https://www.facebook.com/events/349760845443546/;;;
1499327848;Sommer MÃ¤rchen Aftershow | 8. Juli 2k17;https://www.facebook.com/events/813824528774921/;;;
1498541228;Sommerparty;https://www.facebook.com/events/1012553915547973/;;;
1498222767; Shake your tits its weekend vol. II;https://www.facebook.com/events/147545612460999/;;;
1498042955;Grand Opening Club FIVE 21.Okt;https://www.facebook.com/events/171491513389832/;;;
1497991694;KÃS Ã¤nd ROLL live beim Schaschlik-Fest der FFW Donaustetten;https://www.facebook.com/events/1842292212689781/;;;
1497973828;SoNaFe 2017;https://www.facebook.com/events/1557926640915319/;;;
1497957583;Workshop Und Talentscouting mit Denis Weckbach;https://www.facebook.com/events/240972466403401/;;;
1496948482;Shljiva - Hot Summer Night (Vorfeiertag);https://www.facebook.com/events/445943649093367/;;;
1496400506;Heute: 3 Jahre Rapfilm! mit DJ Craft (K.I.Z);https://www.facebook.com/events/1338180406269352/;;;
1495921552;Students Night - Toni Montana (Cubes Mannheim);https://www.facebook.com/events/1966087776980013/;;;
1495882054;DJ NKNS - DJ DAMI SAHNE;https://www.facebook.com/events/273908569739465/;;;
1495451274;Model-Casting am 25.05.2017;https://www.facebook.com/events/137979240080274/;;;
1495145802;Viva La WiMa 2017 - Hart am Limes;https://www.facebook.com/events/507581739633197/;;;
1495128810;Dame Reggaeton feat. DJ Miguel Cruz & DJ Stoffy 27' Mai;https://www.facebook.com/events/535583133496982/;;;
1494767982;HOGGADE 2017;https://www.facebook.com/events/1848586172071912/;;;
1494487500;D E E P E R ! prÃ¤s. Christian LÃ¶ffler (live);https://www.facebook.com/events/1782637985086723/;;;
1493928604;Workshop mit Mecnun Giasar;https://www.facebook.com/events/249752515493691/;;;
1493301752;SÃ¶flinger Starkbier-Fest 2017;https://www.facebook.com/events/1795770130750993/;;;
1493297187;HIGH FIVE â 06.Mai â Proton The Club;https://www.facebook.com/events/928004230673183/;;;
1492512269;Spartans laden ein zum 1. Heimspiel in der Regio-SÃ¼d 2017;https://www.facebook.com/events/270826866711738/;;;
1492000060;Heute: EASY x DOPE x FRESH - Tonstudio Stuttgart;https://www.facebook.com/events/274922582966241/;;;
1490911272;Clubber Night (SPECIAL);https://www.facebook.com/events/395237800844740/;;;
1490715697;Heute !!! x HIGH FIVE x Proton The Club;https://www.facebook.com/events/977437849057567/;;;
1489734415;Students Night - Manolo Sanchez (aer Club, Stuttgart);https://www.facebook.com/events/179119059231865/;;;
1489437298;Spring Party;https://www.facebook.com/events/1283629845057458/;;;
1489332519;I Love YUgo;https://www.facebook.com/events/187099225119387/;;;
1489064007;Denis We & Zack Reece - Workshops;https://www.facebook.com/events/2011631235730886/;;;
1488889158;Bibi & Tina Tohuwabohu Total - Specialworkshop;https://www.facebook.com/events/1406403192764070/;;;
1488551623;HIGH FIVE â 04.MÃ¤rz â Proton The Club;https://www.facebook.com/events/1859282717656902/;;;
1488363859;SpringBreakParty - Lassee;https://www.facebook.com/events/209902849487069/;;;
1488194268;Notte Magica -Ladies Night- la notte delle donne;https://www.facebook.com/events/1129207257207384/;;;
1488025212;Aca Lukas & Folk House Band Club Klangdeck;https://www.facebook.com/events/1244147132347857/;;;
1487856274;Palmen aus Gold | DIAMONDS CLUB | ERIC BRWN;https://www.facebook.com/events/195719757566310/;;;
1487601080;Heute! Invaders pres LuiG & Shags BDAY BLAST Bee-Z & Igorito;https://www.facebook.com/events/663006447216626/;;;
1487273382;Elec-Trigger Treffen;https://www.facebook.com/events/755609821272069/;;;
1486233368;Abifestival Ulm 2017;https://www.facebook.com/events/1648379052123206/;;;
1484775609;Pasttime Paradise with Lehvi (MÃ¼nchen);https://www.facebook.com/events/1296280543770170/;;;
1484752563;Sommer MÃ¤rchen Festival | Ulm Friedrichsau | 8. Juli 2017;https://www.facebook.com/events/1256046204453975/;;;
1484514480;Zabavno folklorno vece Folklornog Ansambla Sv. Nikolaj Srpski;https://www.facebook.com/events/174480333034489/;;;
1481554654;FreeRave - freier Eintritt bei Zusage;https://www.facebook.com/events/581286225393361/;;;
1481038209;Heute: Rapfilm! - Auf dem Deutschrapfilm hÃ¤ngen geblieben;https://www.facebook.com/events/1761034697490541/;;;
1480178649;Heute x HIGH FIVE x Proton The Club;https://www.facebook.com/events/221565421607904/;;;
1480076624;HIP HOP Colosseum #10 w/ dj record (invaders crew europe);https://www.facebook.com/events/1180980338640045/;;;
1478983200;La JOLIE [la ÊÉli] w/ dj topdan & dj cusher;https://www.facebook.com/events/1228117437245456/;;;
1478779615;Memmingen / Balkan Mix Europe / 25.12.2016 / The Gate;https://www.facebook.com/events/298331343887316/;;;
1478207722;Nikolausparty der KjG Neuthard 2016;https://www.facebook.com/events/309632329422784/;;;
1478104465;1 Jahr HIGH FIVE x 05.11.2k16 x Proton The Club;https://www.facebook.com/events/142771202855098/;;;
1477643390;P1 Club X Light My Fire;https://www.facebook.com/events/169907073459066/;;;
1475579355;10 Jahre Brown Sugar & Letztes Brown Sugar Event;https://www.facebook.com/events/172306489840105/;;;
1475184344;Partynacht Feuerwehr Illertissen;https://www.facebook.com/events/1210357395672794/;;;
1474818120;Notte Magica - Caliente - Grand Opening;https://www.facebook.com/events/569134403269869/;;;
1474791730;Komm ins Team der Wilden!;https://www.facebook.com/events/1650198468625981/;;;
1474480865;Erstsemester Party 2016 - deine erste UniParty;https://www.facebook.com/events/387737814617543/;;;
1473281661;Rocco Hunt 02.10.2016;https://www.facebook.com/events/980338002075871/;;;
1473252536;Brown Sugar Party;https://www.facebook.com/events/169595500133954/;;;
1472386195;48. Herbstfest SchnÃ¼rpflingen;https://www.facebook.com/events/947944485315538/;;;
1472065766;HIGH FIVE x 03.September x Proton The Club;https://www.facebook.com/events/162826774153547/;;;
1470943706;Hip Hop Sommerkurs;https://www.facebook.com/events/1670881386566125/;;;
1470409922;Party People;https://www.facebook.com/events/1763307407245925/;;;
1469781301;Donaustetten Open Air;https://www.facebook.com/events/1667871656867965/;;;
1469458846;"School's Out ""Endlich Ferien""";https://www.facebook.com/events/1644685339155440/;;;
1469303755;Saisonauftakt SV Grimmelfingen Vs. TSF Ludwigsfeld;https://www.facebook.com/events/1777222982524854/;;;
1467734901;SCHWÃRMONTAG ;https://www.facebook.com/events/496022760588966/;;;
1467671242;Heute: Brown Sugar Party // proTON The Club;https://www.facebook.com/events/240912879626720/;;;
1467120239;Workshop mit Johnny Vongratsavai und Casting fÃ¼r unsere Formationen;https://www.facebook.com/events/953072744791907/;;;
1466449988;â HIGH FIVE âï¸ 02. Juli 2016 â Proton The Club âï¸;https://www.facebook.com/events/961579253956942/;;;
1466299046;Ds Dance Masters FINALE mit Detlef Soost;https://www.facebook.com/events/208930856164762/;;;
1466016256;Battle Empire vol 1.;https://www.facebook.com/events/925631067555996/;;;
1466007936;Summer Party;https://www.facebook.com/events/1727172384215693/;;;
1465895051;TSV Erbach - FC Heidenheim 1846 e.V.;https://www.facebook.com/events/912874302171501/;;;
1465488578;Robert Hoffman Workshop;https://www.facebook.com/events/262114484179784/;;;
1465341154;GestÃ¶rt Aber Geil Party;https://www.facebook.com/events/1002350733154260/;;;
1465335812;Heute: Rapfilm! - Auf dem DeutschRapfilm hÃ¤ngen geblieben // Freund & Kupferstecher;https://www.facebook.com/events/110439706040418/;;;
1465281409;VERSCHOBEN: Enissa Amani;https://www.facebook.com/events/1412009169112625/;;;
1465250970;Heute - Brown Sugar Party // proTON The Club w/ DJ Dime;https://www.facebook.com/events/1544901869149548/;;;
1464899853;Proslava povodom 10 godina Folklornog Ansambla Sv. Nikolaj Srpski;https://www.facebook.com/events/560754574098668/;;;
1464640931;â Heute âï¸ HIGH FIVE â Proton The Club âï¸;https://www.facebook.com/events/524925604363661/;;;
1464510159;HIP HOP Colosseum #4;https://www.facebook.com/events/1597855270436913/;;;
1464510107;Audi Ulm prÃ¤sentiert: LA JOLIE [la ÊÉli];https://www.facebook.com/events/1699771870275418/;;;
1464510107;HIP HOP COLOSSEUM #5;https://www.facebook.com/events/555721447968495/;;;
1464156078;I â¥ Reggaeton | ULM LIEBT Latinbeats âºVorfeiertagâ;https://www.facebook.com/events/215004412197377/;;;
1464127589;Viva La WiMa 2016 - Crystal Math;https://www.facebook.com/events/835728236550332/;;;
1463843679;Hot Summer Night;https://www.facebook.com/events/242984216059558/;;;
1463505139;Time Travel - Old School Hip Hop & R&B Classics mit DJ Paolo Montagni (MGM);https://www.facebook.com/events/1013118952113909/;;;
1463404249;"Filmpremiere ""Die Frau hinter dem Bild"" by Flo Schwarz";https://www.facebook.com/events/1167549463256232/;;;
1463389545;HOLY FESTIVAL OPEN AIR 2k16 // Heute! (:;https://www.facebook.com/events/1691226817815537/;;;
1462987600;Konzert abgesagt;https://www.facebook.com/events/1720343104881589/;;;
1462806950;Heute - Brown Sugar Party // proTON The Club;https://www.facebook.com/events/1604024813244747/;;;
1462729085;Hannelore's studentenparty;https://www.facebook.com/events/996503643719336/;;;
1462163211;Luda Å½urka Luda Luda Å½urka;https://www.facebook.com/events/490239221171927/;;;
1462112310;HEUTE: FrÃ¼hlingsgefÃ¼hle â¥ Uni & Hochschul Open Air;https://www.facebook.com/events/1188742034471923/;;;
1461832475;Pokal Viertelfinale FC Srbija Ulm vs. Vfb Ulm;https://www.facebook.com/events/1019875918106418/;;;
1461827828;Regionalliga SÃ¼d Opener: Neu-Ulm Spartans vs. KÃ¶nigsbrunn Ants;https://www.facebook.com/events/1732239157012008/;;;
1461681004;Hip Hop mit ZÃ¼keys;https://www.facebook.com/events/229358800769510/;;;
1461624400;"14. HipHop Competition ""ONE! Ds Dance Masters"" - SÃ¼ddeutsche Meisterschaft";https://www.facebook.com/events/1761529607411180/;;;
1461422889;AFTER-VATERTAGS-PARTY mit Herz Ass;https://www.facebook.com/events/1024318094328298/;;;
1460794775;Private Soul*DJ Paco(Supreme-Perkins Park)*DJ Replace*Ladies Cocktails for Free;https://www.facebook.com/events/443037545907563/;;;
1460794491;LA JOLIE prÃ¤sentiert: SOMMER BASS TRAUM;https://www.facebook.com/events/499739676885023/;;;
1460054476;SEMESTER OPENING - die Uni & Hochschulen feiern!;https://www.facebook.com/events/384331871767763/;;;
1460004528;SPARTACOUR;https://www.facebook.com/events/120857774953006/;;;
1459759779;Heute - Brown Sugar Party // proTON The Club;https://www.facebook.com/events/1708831999329513/;;;
1459727801;IN VIVO 08/04/2016 Club LOCA;https://www.facebook.com/events/1584224368555741/;;;
1459432769;TÃ¤nzerkartei-Casting;https://www.facebook.com/events/428748807322055/;;;
1459286641;All Black Everything meets LADIES Edition;https://www.facebook.com/events/1972463829646006/;;;
1459076688;ABSOLUT NIGHTS by absolut vodka;https://www.facebook.com/events/910512882400895/;;;
1458912449;LA JOLIE [la ÊÉli];https://www.facebook.com/events/1655097128088818/;;;
1458837101;Open Day Party // GrÃ¼ndonnerstag 24.MÃ¤rz // Freier Eintritt!;https://www.facebook.com/events/1155579381126824/;;;
1458589509;SPRING BREAK ULM;https://www.facebook.com/events/114226252307414/;;;
1458569874;17 Jahre proTON The Club mit 17 DJs & 3 MCs von 1999-2016;https://www.facebook.com/events/992592620812863/;;;
1458247823;Monatsprogramm MÃ¤rz / 17 Jahre proTON The Club;https://www.facebook.com/events/231854853823805/;;;
1458214116;Area Codes;https://www.facebook.com/events/1712282939018896/;;;
1458059989;Abi XXXXXXXXL â Theatro steht erneut in Flammen;https://www.facebook.com/events/1014321725273219/;;;
1457988073;Proton Friday // Kick Start Eintrittsspecial von 23.00 Uhr bis 1.00 Uhr;https://www.facebook.com/events/1091283184235283/;;;
1457470108;Donauturm feat Schubart;https://www.facebook.com/events/1239353186081642/;;;
1457091317;Workshop mit Jeff von Team Recycled;https://www.facebook.com/events/189615104747390/;;;
1456853361;Berg Beach Cup;https://www.facebook.com/events/914242845355717/;;;
1456845612;Move Festival;https://www.facebook.com/events/831314420324006/;;;
1456754400;5 Jahresfeier;https://www.facebook.com/events/965712166843782/;;;
1456693757;Hello Booking presents: Back 2 Black;https://www.facebook.com/events/1041299612588057/;;;
1456262038;Abi XXXXXXXXL â Theatro steht in Flammen;https://www.facebook.com/events/240116242991033/;;;
1456258834;DAME REGGAETÃN - SPECIAL DJ HOT ROD (LMP FRANKREICH) - proTON THE CLUB;https://www.facebook.com/events/445047442367793/;;;
1456159920;Dj-Flohmarkt;https://www.facebook.com/events/1542840819379050/;;;
1456150997;JUST 90ies TOUR;https://www.facebook.com/events/1737981813096381/;;;
1455742010;Monatsprogramm Februar / proTON The Club;https://www.facebook.com/events/211615745849728/;;;
1455553465;THE SOUND OF TOMORROW - The Best in EDM Sound;https://www.facebook.com/events/999429313437650/;;;
1455373990;Donauturm feat. Anna Essinger;https://www.facebook.com/events/1012448475480945/;;;
1455367243;LA JOLIE [la ÊÉli];https://www.facebook.com/events/911349112294417/;;;
1455336289;LADIES & GENTS feat. maxi hartmann;https://www.facebook.com/events/425199701008831/;;;
1454963338;BeyoncÃ© - The Formation World Tour 2016;https://www.facebook.com/events/510886089099019/;;;
1454941618;Ciao - ErÃ¶ffnungsparty;https://www.facebook.com/events/1517364168566519/;;;
1454886003;NASTY THURSDAY - LADIES EDITION // Ã¼16+;https://www.facebook.com/events/169333590108610/;;;
1454808411;Prva i nezaboravna BALKANSKA noc u Erbachu;https://www.facebook.com/events/188192428204022/;;;
1454685791;SOUL2SOUL | DJ REG | DJANE TALA;https://www.facebook.com/events/1245561328791495/;;;
1454617758;The Melody of Tomorrowland Festival // 4 DJÂ´s // 2 Floors;https://www.facebook.com/events/1065677936808197/;;;
1454364935;GLOMBIGER DOSCHDIG (ab 18 uhr);https://www.facebook.com/events/455968421268334/;;;
1454337276;Ladies Night @Club Loca 10â¬ Verzehrgutschein;https://www.facebook.com/events/1663379453934579/;;;
1454279116;Workshop mit Alisa Tsitseronova;https://www.facebook.com/events/1502261920083128/;;;
1454112058;HOUSEparty meets LOCApeople // 21h // 2Floors;https://www.facebook.com/events/1688443708069513/;;;
1453914029;La Notte Italiana;https://www.facebook.com/events/424669901059871/;;;
1453851758;"VERNISSAGE: JANOSCH MEIDINGER: ""Childhood Heroes""";https://www.facebook.com/events/1529982163965631/;;;
1453836571;Open Class mit ZÃ¼keys;https://www.facebook.com/events/1696767123936480/;;;
1453714224;BLAST - Jimi Blue Ochsenknecht / Giam / Jenesis - Sa.30.01 - Tonstudio;https://www.facebook.com/events/1725962250971707/;;;
1453713873;Proton Friday - Birthday Special;https://www.facebook.com/events/1701234216757382/;;;
1453411059;CLIQUE - DJ KIMBO (CANDY SHOP, KÃLN);https://www.facebook.com/events/1670965566453738/;;;
1453411059;3 YEARS CEN CLUB - DJ MAXXX & MANOLO SANCHEZ;https://www.facebook.com/events/1491430521163375/;;;
1453411059;CLIQUE - *OPENING 2016* - DJ BATMAN (PERKINS PARK, STUTTGART);https://www.facebook.com/events/164892593867063/;;;
1453327506;Diamonds - Ladies Editon;https://www.facebook.com/events/950746351666440/;;;
1453245608;Proton Friday January 22nd ++ Grown & Sexy;https://www.facebook.com/events/1724517701100823/;;;
1452976115;BLACKOUT Club Night!;https://www.facebook.com/events/453631338156333/;;;
1452778728;Tag der offenen Tanzschule;https://www.facebook.com/events/1660546550866598/;;;
1452724944;Area Codes;https://www.facebook.com/events/996199290421705/;;;
1452693411;Proton Friday January 15th ++ Jack Daniels Special & Giveaways;https://www.facebook.com/events/1007121159335988/;;;
1452419052;DASDING Radau &  Rabatz Klub // Ulm (bei Frau Berger!);https://www.facebook.com/events/1725798167656163/;;;
1452339788;21. Geburtstag;https://www.facebook.com/events/1115837041794649/;;;
1451933965;BROWN SUGAR PARTY // proTON The Club;https://www.facebook.com/events/557283071085912/;;;
1451932420;bigFM URBAN CLUB BEATS;https://www.facebook.com/events/1685580131680351/;;;
1451883584;YO! MY RAPS /w Tow B & Kidsofly;https://www.facebook.com/events/1548712632086984/;;;
1451765034;"Back 2 Black (New Year Edition) with Special Guest "" Dj Yeezy""";https://www.facebook.com/events/1634205913510152/;;;
1451684060;SILVESTER_ZIRKUS;https://www.facebook.com/events/1525868757738498/;;;
1451597495;NEW YEARS EVE 2015/2016 @ CEN CLUB;https://www.facebook.com/events/1669563966620416/;;;
1451476795;New Years Eve - The proTON Silvester Night;https://www.facebook.com/events/866561360131298/;;;
1451423177;DECADANCE NEW YEARS EVE! w/ RAPHAEL DINCSOY, LUKAS STERN & MICHAEL NIP;https://www.facebook.com/events/1723491154550584/;;;
1451315064;Heute: HIGH FIVE !!! @ Proton The Club // Stuttgart;https://www.facebook.com/events/634244660050170/;;;
1451278105;CIRQUE DE L'AMOUR // NR. 5;https://www.facebook.com/events/881956481872417/;;;
1451230268;HEUTE: ABIFESTIVAL 2016 ULM - URBANMOTIONBEATS;https://www.facebook.com/events/745092475594740/;;;
1451184721;CIRQUE DE L'AMOUR // NR. 3;https://www.facebook.com/events/1641712329450067/;;;
1451184721;CIRQUE DE L'AMOUR // NR. 6;https://www.facebook.com/events/879979338776751/;;;
1451153441;WE.LOVE.HIP.HOP GRAND.FINAL;https://www.facebook.com/events/1624378294489062/;;;
1451125520;25UP - 1. Weihnachtstag;https://www.facebook.com/events/163747450646184/;;;
1450642648;proTON X-Mas Party;https://www.facebook.com/events/203873139949304/;;;
1450630621;BIRTHDAY.CLUB w/ Matt Myer & DJ Serg;https://www.facebook.com/events/1662920437282650/;;;
1450608525;TV TOTAL 2016 - Wir wollen Stefan einmal im Jahr zurÃ¼ck;https://www.facebook.com/events/1010621042331985/;;;
1450519335;Bomba Latina || Stuttgart || Ladies Edition;https://www.facebook.com/events/958466004213625/;;;
1450298782;Workshop Weekend Nr2;https://www.facebook.com/events/1016436428396764/;;;
1450269236;Area Codes;https://www.facebook.com/events/1068191906547954/;;;
1450191900;X-MAS Party Villa-Aufheim 18.12;https://www.facebook.com/events/1686715548281285/;;;
1450169499;GEISHA @Tonstudio Stuttgart;https://www.facebook.com/events/836709453113447/;;;
1450162876;Proton Friday December 18th ++ Birthday Special;https://www.facebook.com/events/1005906936119811/;;;
1450130908;Justin Bieber Purpose World Tour MÃ¼nchen;https://www.facebook.com/events/596591047148831/;;;
1450116501;LADIES & GENTS feat. maxi hartmann;https://www.facebook.com/events/197316073938346/;;;
1450045649;CLIQUE - DJ CRAY (PERKINS PARK, STUTTGART);https://www.facebook.com/events/481980658651474/;;;
1449958613;CIRQUE DE L'AMOUR // NR. 1;https://www.facebook.com/events/494073277439462/;;;
1449910100;LA JOLIE w/ dj def jam;https://www.facebook.com/events/1631785690417114/;;;
1449843922;Stockwerksparty A.K.A. Eskalierbar 4.0;https://www.facebook.com/events/522585781239173/;;;
1449685907;Justin Bieber // Mercedes-Benz Arena Berlin;https://www.facebook.com/events/477641499090016/;;;
1449611615;BaD TaSte;https://www.facebook.com/events/1666134270270030/;;;
1449567459;Proton Friday - Southern Comfort Special;https://www.facebook.com/events/513777015457319/;;;
1449566996;Tonight: BROWN SUGAR PARTY // proTON The Club;https://www.facebook.com/events/1526049697706564/;;;
1449042010;RIHANNA - ANTI world tour;https://www.facebook.com/events/1655213028080446/;;;
1449008734;CLUBHEIM PARTY DELUXE;https://www.facebook.com/events/1660319190901461/;;;
1448919604;Parish Beatz Night;https://www.facebook.com/events/1482422705400232/;;;
1448916744;ALL BLACK EVERYTHING - LADIES NIGHT 19|12 / 20h / Ã¼16;https://www.facebook.com/events/554577361364609/;;;
1448661886;WE.LOVE.HIP.HOP /w Chelo & KidSoFly;https://www.facebook.com/events/194144637583874/;;;
1448608952;The legendary HNU Party WS 15/16;https://www.facebook.com/events/709001515867822/;;;
1448561848;i â¥ Reggaeton | ULM LIEBT LATINBEATS;https://www.facebook.com/events/1685236035096726/;;;
1448203326;Heute >> Bomba Latina || Stuttgart;https://www.facebook.com/events/1718053918423668/;;;
1447846500;YO! MY RAPS /w DJ SCHOWI & KIDSOFLY;https://www.facebook.com/events/528796580612464/;;;
1447778569;FASHION*KINGS*PARTY;https://www.facebook.com/events/442777055919956/;;;
1447520541;I AM JONNY - das Musical in Ulm;https://www.facebook.com/events/156832851315960/;;;
1447500531;Eines Tages, Baby-Tour;https://www.facebook.com/events/1186463844700364/;;;
1447432681;Nikolausparty der KjG Neuthard 2015;https://www.facebook.com/events/141295112895619/;;;
1447421783;7 JAHRE THEATRO CLUB;https://www.facebook.com/events/162074354139658/;;;
1447160250;HEUTE! BROWN SUGAR PARTY // proTON The Club;https://www.facebook.com/events/1930494340508382/;;;
1447160078;Proton Mixtape Release Party Friday November 13th;https://www.facebook.com/events/399670773576274/;;;
1446904324;Tag der offenen TÃ¼r;https://www.facebook.com/events/1071797712860234/;;;
1446796544;SchwÃ¶rmontag 2016;https://www.facebook.com/events/549472391784090/;;;
1446720338;herrH ist da! Das Kinder Mitmach Konzert;https://www.facebook.com/events/1702849359944881/;;;
1446574646;HIGH FIVE !!! am 7/11 @ Proton The Club // Stuttgart;https://www.facebook.com/events/945809758798242/;;;
1446294049;FREAKSHOW_HALLOWEEN 2015;https://www.facebook.com/events/945510895492401/;;;
1446145420;Halloween â AUSVERKAUFT;https://www.facebook.com/events/488499101329381/;;;
1446141558;â ETAGE EINS WIRD EINS â SAMSTAG 07.11.;https://www.facebook.com/events/189418544724983/;;;
1446141402;â ETAGE EINS WIRD EINS â FREITAG 06.11.;https://www.facebook.com/events/963074847096275/;;;
1446107754;Nikolausparty;https://www.facebook.com/events/457202930965692/;;;
1446104781;Winter Wonderland with Dominique Jardin @Schloss Erbach;https://www.facebook.com/events/191361961202910/;;;
1446101560;SAÅ A KOVAÄEVIÄ LIVE IN CONCERT â¶ KLANG DECK;https://www.facebook.com/events/761524797326008/;;;
1445948153;Proton Halloween Night ++ Costume Special & Contest;https://www.facebook.com/events/1677444565822254/;;;
1445883281;Proton Friday October 30th ++ Birthday Special;https://www.facebook.com/events/145872969098861/;;;
1445338590;"Special Dance Night ""Club Night""";https://www.facebook.com/events/725040094294410/;;;
1445204433;Ladies night Part I;https://www.facebook.com/events/190023191330798/;;;
1444769290;XOXO - WHERE HIP HOP LIVES 16/10/2015 | 16+;https://www.facebook.com/events/1490700114591115/;;;
1444769290;ONE YEAR CLIQUE - DJ KANDEE (CROWNS CLUB, MÃNCHEN);https://www.facebook.com/events/469548539890724/;;;
1444720517;Area Codes;https://www.facebook.com/events/1836690033224145/;;;
1444646440;SOUL OVA GOLD FASHION NIGHT CLUB PROTON;https://www.facebook.com/events/1010169182337965/;;;
1443813849;DHBW Erstsemesterparty Part 1// Freitag, 16.10. ab 23 Uhr // Aer Club Stuttgart;https://www.facebook.com/events/318182248370458/;;;
1443744979;31. Blankenlocher Oktoberfest;https://www.facebook.com/events/400198673517517/;;;
1443530020;Street Food Festival Karlsruhe - 10. & 11. Oktober - EINTRITT FREI;https://www.facebook.com/events/607971169353667/;;;
1443130213;Ersti- HÃ¼tte SchwÃ¤bisch GmÃ¼nd;https://www.facebook.com/events/1606359586284928/;;;
1443045603;Got To Dance Final;https://www.facebook.com/events/1641525092786484/;;;
1442761897;Proton Friday September 25th ++ Request Line;https://www.facebook.com/events/114035118950115/;;;
1442470163;DAME REGGAETON - DJ MIGUEL CRUZ x DJ STOFFY - proTON The Club;https://www.facebook.com/events/807086396075384/;;;
1442322328;Area Codes;https://www.facebook.com/events/549045121911384/;;;
1442244024;Welcome to 37688 Beverly;https://www.facebook.com/events/1609374345987261/;;;
1441544567;HEUTE - BROWN SUGAR PARTY // proTON The Club;https://www.facebook.com/events/1487889274863287/;;;
1441313004;Nzalistic - Vorspiel FÃ¶rderpreis Junge Ulmer Kunst im Roxy;https://www.facebook.com/events/1653465404910095/;;;
1441279506;WORKSHOP-DAY;https://www.facebook.com/events/974114939307784/;;;
1441208786;GestÃ¶rt aber Geil | Theatro Ulm | ab 21H | Playtime 0H;https://www.facebook.com/events/744038319056577/;;;
1440869889;39. Ringinger Herbstfest;https://www.facebook.com/events/810397092410093/;;;
1440793366;BEACH CLOSING w. FELIX&DEAN;https://www.facebook.com/events/523991694422665/;;;
1440576752;Smells like 90s;https://www.facebook.com/events/860198954062565/;;;
1440439130;Samstag 29/08 ++ Birthday Special Party ++ Movie Special;https://www.facebook.com/events/651261861676648/;;;
1440399216;Proton Friday August 28th ++ The Shootout ++ Movie Special;https://www.facebook.com/events/552118104939395/;;;
1440264495;CLIQUE - DJ YEEZY (KISS FM, BERLIN);https://www.facebook.com/events/746276745498157/;;;
1440190063;Hip Hop Dome Club Nacht | 4 Clubs, 1 Eintritt;https://www.facebook.com/events/113933022282186/;;;
1440185716;PRIVATE SOUL*DJ KIDD(AUGSBURG)-DJ SOSMOOVE*LADIES COCKTAILS FOR FREE;https://www.facebook.com/events/1625626821045608/;;;
1440016773;DAME REGGAETON - DJ MIGUEL CRUZ x DJane YENNY (MÃNCHEN) - proTON The Club;https://www.facebook.com/events/877250202312439/;;;
1440016357;IBIZA VS. MALLE - HOUSE/EDM vs. BALLERMANN/SCHLAGER;https://www.facebook.com/events/813362245444573/;;;
1440016319;NACHSITZEN 16+;https://www.facebook.com/events/302920003165645/;;;
1439561138;I AM JONNY - das Musical in Ulm;https://www.facebook.com/events/1625991781023267/;;;
1439561059;Ladies&Gents feat maxi hartmann;https://www.facebook.com/events/1472957193000977/;;;
1439330991;Proton Friday August 14th ++ Pimp Night ++;https://www.facebook.com/events/771068513006041/;;;
1439220328;BEACH CLOSING - JAN LEYK - DBN  - COSMO KLEIN;https://www.facebook.com/events/452760581572806/;;;
1439194309;OPENING WEEKEND w/ STEVE BUG, FRANK LORBER, LUKAS STERN & OLIVER HAUG;https://www.facebook.com/events/727859707337534/;;;
1438866980;Coaches Casting - Wir suchen DICH!;https://www.facebook.com/events/918284648233845/;;;
1438623508;Proton Friday August 7th ++ ID Card Night ++ Special Guest: MC Mary Sunshine;https://www.facebook.com/events/1036352816418693/;;;
1438531445;HEUTE: BROWN SUGAR PARTY // proTON The Club;https://www.facebook.com/events/531058523708599/;;;
1437938378;Meisterschaftsspiel der Neu-Ulm Spartans;https://www.facebook.com/events/1668617993373281/;;;
1437856455;FUEGO LATINO MIT DJ GWADA;https://www.facebook.com/events/1100124143350359/;;;
1437856403;SHOWTIME - THE BEST PARTY IN TOWN;https://www.facebook.com/events/384002348477630/;;;
1437856352;ITÂ´S YOUR BIRTHDAY - JULI SPECIAL;https://www.facebook.com/events/846856918731269/;;;
1437408083;Proton Friday July 24th ++ Pimp Night ++;https://www.facebook.com/events/397526360458000/;;;
1437229367;Offizielle FANTA 4 After Show Party /w Double M;https://www.facebook.com/events/389020104630581/;;;
1437170666;Zandra&Tobi's Birthday Party! [SHAKE YOUR TITS. IT'S FRIDAY];https://www.facebook.com/events/406740982847092/;;;
1437168729;Workshop mit TEAMRECYCLED aus Berlin;https://www.facebook.com/events/405731176286955/;;;
1436896166;Hip Hop Open Afterparty w/ Chelo (SAM);https://www.facebook.com/events/982525025133650/;;;
1436516673;Testspiel: VFB Ulm VS. Senden II;https://www.facebook.com/events/923219224402397/;;;
1436212505;CLIQUE - DJ MANOLO SANCHEZ (CEN CLUB RESIDENT);https://www.facebook.com/events/740861479369686/;;;
1436122168;Ein Jahr LADIES&GENTS feat. maxi hartmann.;https://www.facebook.com/events/1607817039503911/;;;
1435678974;Proton Friday July 3rd ++ ID Card Special ++;https://www.facebook.com/events/493576884130744/;;;
1435354289;SHOWTIME MEETS SOMMERTAGTRAUM AFTERPARTY;https://www.facebook.com/events/1594253934197329/;;;
1435351211;SHOWTIME - THE BIGGEST PARTY @ ETAGE EINS!;https://www.facebook.com/events/1851147185109471/;;;
1435173372;3. Heimspiel in der Regionalliga: Spartans vs. Feldkirchen Lions;https://www.facebook.com/events/1416508018677164/;;;
1434447072;ULM MOVES! 18.06.-21.06.2015;https://www.facebook.com/events/1414801425513799/;;;
1434374894;"Special Dance Night  ""Club Night""";https://www.facebook.com/events/908179455886892/;;;
1434263382;ratiopharm ulm DANCERS - Casting 2015;https://www.facebook.com/events/1663763280523422/;;;
1433980533;!!It's Showtime!///RIO-EDITION 24.07.15!!;https://www.facebook.com/events/1592495731005697/;;;
1433940061;"MILLION STYLEZ (#1 Hit ""Miss Fatty"")  at Passion Fridaze in Stuttgart";https://www.facebook.com/events/355152091344785/;;;
1433936668;Hoggade 2015;https://www.facebook.com/events/865551120183390/;;;
1433835467;Entscheidungsspiel: SGM Illerrieden/Staig/SchnÃ¼rpflingen vs. SGM Aufheim;https://www.facebook.com/events/840739622678174/;;;
1433603411;Chiller-Party Vol.10;https://www.facebook.com/events/1446749078954387/;;;
1433504680;1. Ãffentliche Tanzstunde;https://www.facebook.com/events/756346134482338/;;;
1431850689;Ausbildungs Contest 2015;https://www.facebook.com/events/599369580191785/;;;
1431725740;FUNKYMONKEY FEAT. CHRISBO;https://www.facebook.com/events/681285315310104/;;;
1431203511;XOXO - GIRLS EXPOSED - 01/05/2015 | 16+;https://www.facebook.com/events/1422027431439693/;;;
1430609107;CLIQUE - DJ T.O (AV8RECORDS, NEW YORK);https://www.facebook.com/events/463125527176186/;;;
1430508207;HIMMEL & HÃLLE (mixed music);https://www.facebook.com/events/838574186208286/;;;
1430506637;CENSORED - DIRTY. NASTY. HIP HOP.;https://www.facebook.com/events/1425307737773085/;;;
1430506535;FADED x CRAZY METZKER;https://www.facebook.com/events/1629607393942424/;;;
1430135772;3. Ulmer Club Nacht | 6 Clubs, 1 Eintritt;https://www.facebook.com/events/1552783478297519/;;;
1429170380;Supertalent der Valckenburgschule Ulm;https://www.facebook.com/events/1580772835510905/;;;
1428760777;Sierra Kidd in Mannheim;https://www.facebook.com/events/932431713467551/;;;
1428690693;MEDIZINER ERSTI NACHT - das Original !!!;https://www.facebook.com/events/1403622739955652/;;;
1428601099;Fitness Day - mit Detlef D! Soost, Vio Kromer & Ivam da Silva!;https://www.facebook.com/events/519375538200132/;;;
1426719020;Arian's Birthdayparty!;https://www.facebook.com/events/1602004946699852/;;;
1426458338;SUMMERVIBRATIONS#18;https://www.facebook.com/events/391048374405112/;;;
1425800346;Vatertagsparty in Oberholzheim;https://www.facebook.com/events/1589570457942253/;;;
1425463769;â PANDAPARTY Ulm;https://www.facebook.com/events/1592591084290461/;;;
1425462071;LoveMusic.GoIndie;https://www.facebook.com/events/1412258112404140/;;;
1419261567;"""Kult-Weihnachtsparty"" mit RUN";https://www.facebook.com/events/312324088965684/;;;
1418509901;DASDING Radau & Rabatz Klub // Ulm (bei Frau Berger);https://www.facebook.com/events/684631174968107/;;;
1417716287;Silvester;https://www.facebook.com/events/599534026841021/;;;
1417395329;Welcome to 37688 Beverly;https://www.facebook.com/events/742636482487211/;;;
1416487298;ST. HILDEGARD FEAT. ANNA-ESSINGER vs. DONAUTURM;https://www.facebook.com/events/1545403932371266/;;;
1413821481;Silvester 2014;https://www.facebook.com/events/319911251514727/;;;
1413792200;Jan Leyk | Theatro Ulm;https://www.facebook.com/events/1536169653287316/;;;
1406640045;SCHAUMPARTY  BEACH OPEN AIR;https://www.facebook.com/events/716285855074973/;;;
1405871617;On the rocks en II Festival Taberna Prado Negro;https://www.facebook.com/events/665631706845529/;;;
1405716716;Mein 18ner !!;https://www.facebook.com/events/256516217882432/;;;
1405716218;MYERS RNB NIGHT;https://www.facebook.com/events/682833731770469/;;;
1404929502;Schnuppertraining/Formationscasting;https://www.facebook.com/events/730719110300541/;;;
1403815571;Men in Black & Women in white !;https://www.facebook.com/events/446761645462865/;;;
1403560873;WeiÃwurstfrÃ¼hstÃ¼ck Geburtstag;https://www.facebook.com/events/332998470186314/;;;
1403109619;Romeo & Julia - TheaterauffÃ¼hrung;https://www.facebook.com/events/793229887363467/;;;
1402826550;Endlich 18! <3;https://www.facebook.com/events/274564692716753/;;;
1402065449;Bassportation #9 - 9 DJs;https://www.facebook.com/events/571972442922948/;;;
1401483630;Party-Nacht in Tracht mit den ALBFETZA;https://www.facebook.com/events/390656271076325/;;;
1401381477;DEIN SAMSTAG MINIROCK EDITION;https://www.facebook.com/events/495386610561831/;;;
1401203555;Schubart vs. DONAUTURM;https://www.facebook.com/events/1515683008659725/;;;
1400618798;D!Â´s World Competition | Finale | Bottrop;https://www.facebook.com/events/653390751397293/;;;
1400330799;Mein 18er!!;https://www.facebook.com/events/1443354815906065/;;;
1400327749;YO! MY RAPS | CHELO (DJ SAM/CHIMPERATOR) & DJ Marvelles;https://www.facebook.com/events/1494361184117457/;;;
1399905999;DJ BOA XXL PARTY - Festzelt Stetten bei Laupheim;https://www.facebook.com/events/1441556726084592/;;;
1399485284;Scholl vs. TURM;https://www.facebook.com/events/520396108064538/;;;
1399124955;Endlich 38!;https://www.facebook.com/events/1436667259912684/;;;
1397467094;SPALTER rerereloaded Revival feat. Gero;https://www.facebook.com/events/301580076663993/;;;
1397327673;18 er;https://www.facebook.com/events/1377592625856518/;;;
1397076982;SATURDAY I'M IN LOVE - MANOLO SANCHEZ (CEN CLUB RESIDENT);https://www.facebook.com/events/694426347287943/;;;
1396095718;Grand Opening Klangdeck x Micaela SchÃ¤fer;https://www.facebook.com/events/247735695405629/;;;
1393793179;18. Geburtstag;https://www.facebook.com/events/227460624123048/;;;
1393498071;Competition 2014;https://www.facebook.com/events/1400891716840189/;;;
1390949956;MEGA DANCE DAY mit India, Kevin Schmid & Denis We;https://www.facebook.com/events/612418195491839/;;;
1390941608;Hello Booking presents: R'n'b Classics  - jeden 2. Samstag im Monat!!;https://www.facebook.com/events/637259382983211/;;;
1390842771;MOBB DEEP & ONYX LIVE IN CONCERT;https://www.facebook.com/events/133469243488690/;;;
1390832456;"9.LSK  - ""CREATE YOUR EDUCATION""";https://www.facebook.com/events/574506059306996/;;;
1390818221;Die schÃ¶nsten Kinder der Region - ONLINE CASTING;https://www.facebook.com/events/735138809830319/;;;
1390754685;Schubart feat. Donauturm;https://www.facebook.com/events/692651497422633/;;;
1390307274;"DIAVO FEAT. ADNAN - ""OHNE WORTE"" (VIDEO RELEASE)";https://www.facebook.com/events/1432758273626485/;;;
1389644449;I. AprÃ¨s-Ski Party;https://www.facebook.com/events/498738473575828/;;;
1389531975;DONAUTURM FEAT. SCHUBART: BLACK & WHITE;https://www.facebook.com/events/804431992907059/;;;
1389479807;Masterclass mit Senem;https://www.facebook.com/events/694690443896397/;;;
1388184953;Nach Weihnachten aber vor Silvester Party;https://www.facebook.com/events/175364842673217/;;;
1387483721;Hello Booking presents: Back 2 Black - X-mas Special;https://www.facebook.com/events/1427260290840650/;;;
1386981774;Ã22  - twenty-two Clubbing;https://www.facebook.com/events/481919691925378/;;;
1386968006;HUMBOLDT FEAT. DONAUTURM: FRIDAY THE 13TH;https://www.facebook.com/events/448721151898786/;;;
1386368257;DONAUTURM FEAT. SCHUBART;https://www.facebook.com/events/737234272972308/;;;
1384364774;D!'s Family & Friends Tour 2013 - Ulm;https://www.facebook.com/events/215475011909974/;;;
1382900956;Keller;https://www.facebook.com/events/541608085910151/;;;
1382563906;Paradise X-MAS PARTY;https://www.facebook.com/events/342471775897124/;;;
1381776203;DONAUTURM FEAT. HUMBOLDT: AMERICAN STYLE;https://www.facebook.com/events/720945047920203/;;;
1380659221;DONAUTURM & ST. HILDEGARD PRESENT: X-DIARIES LOVE SUN & FUN - DIE SOMMERABSCHIEDSPARTY;https://www.facebook.com/events/1410504952503328/;;;
1378416479;WernauTime;https://www.facebook.com/events/1411930059028172/;;;
1374339919;Endlich 18 :);https://www.facebook.com/events/255730987906148/;;;
1373230631;ratiopharm ulm Dance - Team;https://www.facebook.com/events/520188791361858/;;;
1372630401;Yavuz 20. Geburtstag;https://www.facebook.com/events/534984959894657/;;;
1367345497;SÃ¶flinger Starkbierfest;https://www.facebook.com/events/165058800322793/;;;
1366656234;ABI GANG BANG - AB 16 @ MILLENIUM, ULM/LEHR;https://www.facebook.com/events/121099704750819/;;;
1365184723;TSV Neu-Ulm : SSV Ulm  B-Junioren EnBW Oberliga;https://www.facebook.com/events/539622202755788/;;;
1355162866;SILVESTER.2012<3;https://www.facebook.com/events/506864846014453/;;;